Group,Brewery,City,State,Brewery_id,Name,Beer_ID,ABV,IBU,Style,Ounces
IPA,NorthGate Brewing,Minneapolis,MN,1,Get Together,2692,0.045,50,American IPA,16
IPA,Against the Grain Brewery,Louisville,KY,2,Citra Ass Down,2686,0.08,68,American Double / Imperial IPA,16
IPA,Against the Grain Brewery,Louisville,KY,2,Rico Sauvin,2678,0.076,68,American Double / Imperial IPA,16
IPA,Against the Grain Brewery,Louisville,KY,2,Pile of Face,2675,0.06,65,American IPA,16
IPA,Mike Hess Brewing Company,San Diego,CA,4,Habitus (2014),2668,0.08,100,American Double / Imperial IPA,16
IPA,Mike Hess Brewing Company,San Diego,CA,4,Solis,2667,0.075,85,American IPA,16
IPA,Mike Hess Brewing Company,San Diego,CA,4,Habitus,2664,0.08,100,American Double / Imperial IPA,16
IPA,Fort Point Beer Company,San Francisco,CA,5,Villager,2658,0.063,42,American IPA,12
IPA,Petoskey Brewing,Petoskey,MI,12,Mind's Eye PA,1402,0.067,74,American IPA,16
IPA,Blackrocks Brewery,Marquette,MI,13,Nordskye,2634,0.048,47,American IPA,12
IPA,Blackrocks Brewery,Marquette,MI,13,51K IPA,1481,0.07,51,American IPA,12
IPA,Perrin Brewing Company,Comstock Park,MI,14,98 Problems (Cuz A Hop Ain't One),2630,0.065,65,American IPA,12
IPA,Perrin Brewing Company,Comstock Park,MI,14,Grapefruit IPA,2628,0.05,35,American IPA,12
IPA,Witch's Hat Brewing Company,South Lyon,MI,15,Train Hopper,2627,0.058,72,American IPA,12
IPA,Founders Brewing Company,Grand Rapids,MI,16,Centennial IPA,1565,0.072,65,American IPA,12
IPA,Founders Brewing Company,Grand Rapids,MI,16,All Day IPA,1223,0.047,42,American IPA,12
IPA,Flat 12 Bierwerks,Indianapolis,IN,17,Half Cycle IPA,1610,0.06,104,American IPA,16
IPA,Tin Man Brewing Company,Evansville,IN,18,Overlord Imperial IPA,1449,0.085,115,American Double / Imperial IPA,16
IPA,Tin Man Brewing Company,Evansville,IN,18,Alloy,951,0.058,36,American IPA,16
IPA,Bare Hands Brewery,Granger,IN,21,Thai.p.a,2618,0.07,46,American IPA,16
IPA,Four Fathers Brewing,Valparaiso,IN,23,The Gadget,2610,0.064,90,American IPA,16
IPA,Burn 'Em Brewing,Michigan City,IN,25,Hopkick Dropkick,2471,0.099,115,American Double / Imperial IPA,12
IPA,Burn 'Em Brewing,Michigan City,IN,25,3:33 Black IPA,2158,0.072,86,American IPA,16
IPA,Sun King Brewing Company,Indianapolis,IN,26,Fistful Of Hops Red,2001,0.064,75,American IPA,16
IPA,Sun King Brewing Company,Indianapolis,IN,26,Fistful of Hops Orange,2000,0.063,75,American IPA,16
IPA,Sun King Brewing Company,Indianapolis,IN,26,Fistful Of Hops Blue,1999,0.064,75,American IPA,16
IPA,Sun King Brewing Company,Indianapolis,IN,26,Fistful of Hops Green,1996,0.064,75,American IPA,16
IPA,Sun King Brewing Company,Indianapolis,IN,26,Grapefruit Jungle (GFJ),1420,0.075,77,American IPA,16
IPA,Sun King Brewing Company,Indianapolis,IN,26,Isis,651,0.091,91,American Double / Imperial IPA,16
IPA,Sun King Brewing Company,Indianapolis,IN,26,Grapefruit Jungle (GFJ) (2011),532,0.075,77,American IPA,16
IPA,Evil Czech Brewery,Mishawaka,IN,27,White Reaper,2432,0.07,61,Belgian IPA,16
IPA,450 North Brewing Company,Columbus,IN,28,Citrafest,2602,0.05,45,American IPA,16
IPA,450 North Brewing Company,Columbus,IN,28,Scarecrow,2219,0.069,65,American IPA,16
IPA,Cedar Creek Brewery,Seven Points,TX,30,Gone A-Rye,2600,0.085,90,American Double / Imperial IPA,16
IPA,Cedar Creek Brewery,Seven Points,TX,30,Dankosaurus,2052,0.068,70,American IPA,16
IPA,SanTan Brewing Company,Chandler,AZ,31,Count Hopula (Vault Series),2063,0.091,99,American Double / Imperial IPA,16
IPA,SanTan Brewing Company,Chandler,AZ,31,Hop Shock IPA,1071,0.07,85,American IPA,12
IPA,SanTan Brewing Company,Chandler,AZ,31,Hop Shock IPA (2010),317,0.07,85,American IPA,12
IPA,Boulevard Brewing Company,Kansas City,MO,32,Heavy Lifting,2596,0.062,80,American IPA,12
IPA,The Dudes' Brewing Company,Torrance,CA,34,Double Trunk,1561,0.099,101,American Double / Imperial IPA,16
IPA,Ballast Point Brewing Company,San Diego,CA,35,Even Keel,2105,0.038,40,American IPA,12
IPA,Ballast Point Brewing Company,San Diego,CA,35,Big Eye India Pale Ale,1400,0.07,75,American IPA,12
IPA,Ballast Point Brewing Company,San Diego,CA,35,Sculpin IPA,1018,0.07,70,American IPA,12
IPA,Avery Brewing Company,Boulder,CO,38,Avery India Pale Ale,107,0.063,69,American IPA,12
IPA,Twisted X Brewing Company,Dripping Springs,TX,39,Chupahopra,2458,0.075,63,American IPA,12
IPA,Big Muddy Brewing,Murphysboro,IL,41,Galaxy IPA,2585,0.075,60,American IPA,16
IPA,Rivertowne Brewing Company,Export,PA,44,Jah Mon,2579,0.05,100,American IPA,12
IPA,Revolution Brewing Company,Chicago,IL,45,Anti-Hero IPA,415,0.065,70,American IPA,12
IPA,Tallgrass Brewing Company,Manhattan,KS,46,Ethos IPA,1017,0.068,110,American IPA,16
IPA,Tallgrass Brewing Company,Manhattan,KS,46,Oasis (2010),104,0.072,93,American Double / Imperial IPA,16
IPA,Tallgrass Brewing Company,Manhattan,KS,46,Tallgrass IPA,101,0.063,60,American IPA,16
IPA,Sixpoint Craft Ales,Brooklyn,NY,47,Bengali,2090,0.065,62,American IPA,24
IPA,Sixpoint Craft Ales,Brooklyn,NY,47,Hi-Res,1696,0.099,111,American Double / Imperial IPA,12
IPA,Sixpoint Craft Ales,Brooklyn,NY,47,Autumnation (2013),1591,0.067,74,American IPA,16
IPA,Sixpoint Craft Ales,Brooklyn,NY,47,Bengali Tiger,1385,0.064,62,American IPA,16
IPA,Sixpoint Craft Ales,Brooklyn,NY,47,Resin,628,0.091,103,American Double / Imperial IPA,12
IPA,Sixpoint Craft Ales,Brooklyn,NY,47,Bengali Tiger (2011),422,0.064,62,American IPA,16
IPA,Firestone Walker Brewing Company,Paso Robles,CA,49,Easy Jack,2569,0.045,47,American IPA,12
IPA,Firestone Walker Brewing Company,Paso Robles,CA,49,Union Jack,2463,0.075,75,American IPA,12
IPA,Flying Mouse Brewery,Troutville,VA,51,Flying Mouse 4,2566,0.07,70,American IPA,12
IPA,Upslope Brewing Company,Boulder,CO,52,Thai Style White IPA,1932,0.065,33,American White IPA,12
IPA,Upslope Brewing Company,Boulder,CO,52,Upslope Imperial India Pale Ale,1315,0.099,90,American Double / Imperial IPA,19.2
IPA,Bent Brewstillery,Roseville,MN,54,Moar,2558,0.044,44,English India Pale Ale (IPA),12
IPA,Destihl Brewery,Bloomington,IL,58,Vertex IPA,2025,0.063,76,American IPA,12
IPA,Destihl Brewery,Bloomington,IL,58,Hoperation Overload,1888,0.096,85,American Double / Imperial IPA,12
IPA,Summit Brewing Company,St. Paul,MN,59,Unchained #18 Hop Silo,2415,0.083,100,American Double / Imperial IPA,16
IPA,Surly Brewing Company,Brooklyn Center,MN,62,Overrated! West Coast Style IPA,1112,0.073,69,American IPA,16
IPA,Surly Brewing Company,Brooklyn Center,MN,62,WET,329,0.075,90,American IPA,16
IPA,Surly Brewing Company,Brooklyn Center,MN,62,Abrasive Ale,15,0.097,120,American Double / Imperial IPA,16
IPA,Surly Brewing Company,Brooklyn Center,MN,62,Furious,12,0.062,99,American IPA,16
IPA,Against The Grain Brewery,Louisville,KY,63,Citra Ass Down,2540,0.082,68,American IPA,16
IPA,Freetail Brewing Company,San Antonio,TX,67,Soul Doubt,2521,0.059,70,American IPA,12
IPA,3 Daughters Brewing,St Petersburg,FL,68,Bimini Twist,2519,0.07,82,American IPA,12
IPA,Red Shedman Farm Brewery and Hop...,Mt. Airy,MD,69,Pump House IPA,2515,0.055,45,American IPA,16
IPA,Appalachian Mountain Brewery,Boone,NC,70,Long Leaf,2511,0.071,75,American IPA,16
IPA,Union Craft Brewing,Baltimore,MD,72,Double Duckpin,2507,0.085,90,American Double / Imperial IPA,12
IPA,Atwater Brewery,Detroit,MI,73,Hop A-Peel,2503,0.075,115,American Double / Imperial IPA,16
IPA,Atwater Brewery,Detroit,MI,73,Grand Circus IPA,528,0.05,62,American IPA,12
IPA,Two Brothers Brewing Company,Warrenville,IL,75,Wobble,2497,0.063,69,American IPA,16
IPA,Bent Paddle Brewing Company,Duluth,MN,76,Harness the Winter,2410,0.072,87,American IPA,12
IPA,Bent Paddle Brewing Company,Duluth,MN,76,Bent Hop Golden IPA,1901,0.062,68,American IPA,12
IPA,Speakasy Ales & Lagers,San Francisco,CA,79,Baby Daddy Session IPA,2486,0.047,35,American IPA,12
IPA,Hopworks Urban Brewery,Portland,OR,81,Hopworks IPA,2199,0.066,75,American IPA,16
IPA,Hopworks Urban Brewery,Portland,OR,81,Pigwar White India Pale Ale,1398,0.06,60,American White IPA,16
IPA,Hopworks Urban Brewery,Portland,OR,81,Hopworks IPA (2012),653,0.066,75,American IPA,16
IPA,New Belgium Brewing Company,Fort Collins,CO,83,Slow Ride,2475,0.045,40,American IPA,12
IPA,New Belgium Brewing Company,Fort Collins,CO,83,Ranger IPA,2230,0.065,70,American IPA,12
IPA,New Belgium Brewing Company,Fort Collins,CO,83,Ranger IPA,564,0.065,70,American IPA,16
IPA,New Belgium Brewing Company,Fort Collins,CO,83,Ranger IPA (Current),115,0.065,70,American IPA,12
IPA,Sierra Nevada Brewing Company,Chico,CA,84,Torpedo,2239,0.072,65,American IPA,12
IPA,Sierra Nevada Brewing Company,Chico,CA,84,Torpedo,426,0.072,65,American IPA,16
IPA,Grey Sail Brewing Company,Westerly,RI,87,Captain's Daughter,2044,0.085,69,American Double / Imperial IPA,12
IPA,Kirkwood Station Brewing Company,Kirkwood,MO,88,India Pale Ale,2460,0.063,65,American IPA,16
IPA,Madtree Brewing Company,Cincinnati,OH,92,Psychopathy,1126,0.069,70,American IPA,12
IPA,Rhinegeist Brewery,Cincinnati,OH,94,Truth,1852,0.072,75,American IPA,12
IPA,Warped Wing Brewing Company,Dayton,OH,95,Self Starter,2450,0.052,67,American IPA,16
IPA,Tröegs Brewing Company,Hershey,PA,98,Perpetual IPA,1509,0.075,85,American IPA,12
IPA,Mission Brewery,San Diego,CA,99,Mission IPA,2441,0.068,66,American IPA,32
IPA,Mission Brewery,San Diego,CA,99,Shipwrecked Double IPA,1459,0.092,75,American Double / Imperial IPA,32
IPA,Christian Moerlein Brewing Company,Cincinnati,OH,100,Bay of Bengal Double IPA (2014),2440,0.089,126,American Double / Imperial IPA,12
IPA,Coastal Extreme Brewing Company,Newport,RI,102,Newport Storm IPA,2437,0.065,75,American IPA,12
IPA,King Street Brewing Company,Anchorage,AK,103,King Street IPA,1667,0.06,70,American IPA,12
IPA,Beer Works Brewery,Lowell,MA,104,Back Bay IPA,2420,0.068,85,American IPA,12
IPA,Four String Brewing Company,Columbus,OH,106,Big Star White IPA,2424,0.07,70,American White IPA,12
IPA,Glabrous Brewing Company,Pineland,ME,107,Clean Shave IPA,2426,0.067,70,American IPA,12
IPA,Bonfire Brewing Company,Eagle,CO,108,Firestarter India Pale Ale,2422,0.066,72,American IPA,12
IPA,Bonfire Brewing Company,Eagle,CO,108,Farmer Wirtz India Pale Ale,1549,0.07,94,English India Pale Ale (IPA),16
IPA,Bonfire Brewing Company,Eagle,CO,108,Firestarter India Pale Ale,633,0.066,72,American IPA,16
IPA,"Woodstock Inn, Station & Brewery",North Woodstock,NH,110,4000 Footer IPA,2417,0.065,82,American IPA,12
IPA,Renegade Brewing Company,Denver,CO,111,Redacted Rye IPA,1176,0.07,100,American IPA,16
IPA,Renegade Brewing Company,Denver,CO,111,Elevation Triple India Pale Ale,1006,0.099,100,American Double / Imperial IPA,12
IPA,Renegade Brewing Company,Denver,CO,111,Ryeteous Rye IPA (2012),636,0.07,100,American IPA,16
IPA,Black Market Brewing Company,Temecula,CA,113,Blackmarket Rye IPA,1898,0.075,35,American IPA,12
IPA,Smartmouth Brewing Company,Norfolk,VA,116,Rule G IPA,2407,0.07,88,American IPA,12
IPA,Base Camp Brewing Co.,Portland,OR,117,Ultra Gnar Gnar IPA,2323,0.067,60,American IPA,12
IPA,Alameda Brewing,Portland,OR,118,Yellow Wolf Imperial IPA,2401,0.082,103,American Double / Imperial IPA,12
IPA,Southern Star Brewing Company,Conroe,TX,119,Red Cockaded Ale,1728,0.085,110,American Double / Imperial IPA,12
IPA,Southern Star Brewing Company,Conroe,TX,119,Valkyrie Double IPA,1497,0.092,100,American Double / Imperial IPA,12
IPA,Southern Star Brewing Company,Conroe,TX,119,Red Cockaded Ale (2013),1011,0.085,110,American Double / Imperial IPA,12
IPA,Southern Star Brewing Company,Conroe,TX,119,PRO-AM (2012) (2012),853,0.099,100,American Double / Imperial IPA,12
IPA,Steamworks Brewing Company,Durango,CO,120,Third Eye Pale Ale,90,0.065,65,American IPA,12
IPA,Cheboygan Brewing Company,Cheboygan,MI,122,IPA #11,2380,0.057,58,American IPA,16
IPA,Griffin Claw Brewing Company,Birmingham,MI,125,Norm's Gateway IPA,2007,0.04,55,American IPA,12
IPA,Karbach Brewing Company,Houston,TX,126,Rodeo Clown Double IPA,666,0.095,85,American Double / Imperial IPA,12
IPA,Karbach Brewing Company,Houston,TX,126,Hopadillo India Pale Ale,463,0.066,70,American IPA,12
IPA,Uncle Billy's Brewery and Smokeh...,Austin,TX,127,The Green Room,2372,0.06,75,American IPA,16
IPA,Deep Ellum Brewing Company,Dallas,TX,128,Dream Crusher Double IPA,2166,0.085,100,American Double / Imperial IPA,12
IPA,Deep Ellum Brewing Company,Dallas,TX,128,Deep Ellum IPA,943,0.07,70,American IPA,12
IPA,Stevens Point Brewery,Stevens Point,WI,132,Beyond The Pale IPA,2150,0.063,64,American IPA,12
IPA,Weston Brewing Company,Weston,MO,133,O’Malley’s IPA,2343,0.075,89,American IPA,12
IPA,Southern Prohibition Brewing Com...,Hattiesburg,MS,134,2014 IPA Cicada Series,2362,0.075,72,American IPA,16
IPA,Southern Prohibition Brewing Com...,Hattiesburg,MS,134,Sinister Minister Black IPA,2346,0.077,65,American IPA,16
IPA,Cigar City Brewing Company,Tampa,FL,142,Operation Homefront,2014,0.062,65,American IPA,12
IPA,Cigar City Brewing Company,Tampa,FL,142,Hopped on the High Seas (Hop #529),1726,0.07,60,American IPA,12
IPA,Cigar City Brewing Company,Tampa,FL,142,Hopped on the High Seas (Calypso),1725,0.07,60,American IPA,12
IPA,Cigar City Brewing Company,Tampa,FL,142,Dry-Hopped On The High Seas Caribbean-Style IPA,1694,0.07,60,American IPA,12
IPA,Cigar City Brewing Company,Tampa,FL,142,Hopped on the High Seas (Citra),1693,0.07,60,American IPA,12
IPA,Cigar City Brewing Company,Tampa,FL,142,Hopped on the High Seas (Ahtanum),1692,0.07,60,American IPA,12
IPA,Cigar City Brewing Company,Tampa,FL,142,Humidor Series India Pale Ale,1142,0.075,70,American IPA,12
IPA,Cigar City Brewing Company,Tampa,FL,142,Jai Alai IPA Aged on White Oak,1141,0.075,70,American IPA,12
IPA,Cigar City Brewing Company,Tampa,FL,142,Jai Alai IPA,546,0.075,70,American IPA,12
IPA,Oakshire Brewing,Eugene,OR,151,Watershed IPA,2331,0.067,70,American IPA,12
IPA,Oakshire Brewing,Eugene,OR,151,Watershed IPA (2013),999,0.067,70,American IPA,12
IPA,Tin Roof Brewing Company,Baton Rouge,LA,153,Juke Joint IPA,1755,0.07,60,American IPA,12
IPA,Three Creeks Brewing,Sisters,OR,154,Hoodoo Voodoo IPA,2316,0.062,82,American IPA,12
IPA,Caldera Brewing Company,Ashland,OR,156,Hopportunity Knocks IPA,2315,0.068,100,American IPA,12
IPA,Caldera Brewing Company,Ashland,OR,156,Caldera IPA (2009),793,0.061,94,American IPA,12
IPA,Caldera Brewing Company,Ashland,OR,156,Caldera IPA (2007),792,0.061,94,American IPA,12
IPA,Caldera Brewing Company,Ashland,OR,156,Caldera IPA,36,0.061,94,American IPA,12
IPA,Phoenix Ale Brewery,Phoenix,AZ,158,Camelback,2312,0.061,60,American IPA,12
IPA,Uinta Brewing Company,Salt Lake City,UT,160,Trader Session IPA,1925,0.04,42,American IPA,12
IPA,Uinta Brewing Company,Salt Lake City,UT,160,Hop Nosh IPA,1723,0.073,83,American IPA,12
IPA,Uinta Brewing Company,Salt Lake City,UT,160,Hop Notch IPA (2013),1089,0.073,82,American IPA,12
IPA,Four Peaks Brewing Company,Tempe,AZ,161,Hop Knot IPA,358,0.067,47,American IPA,12
IPA,Sly Fox Brewing Company,Phoenixville,PA,164,Homefront IPA,2305,0.06,70,American IPA,12
IPA,Great Crescent Brewery,Aurora,IN,166,Great Crescent IPA,1701,0.062,60,American IPA,16
IPA,Great Crescent Brewery,Aurora,IN,166,Great Crescent IPA (2011),436,0.062,60,American IPA,16
IPA,Oskar Blues Brewery,Longmont,CO,167,Pinner Throwback IPA,2302,0.049,35,American IPA,12
IPA,Oskar Blues Brewery,Longmont,CO,167,Gordon Imperial Red (2010),806,0.087,85,American Double / Imperial IPA,12
IPA,Oskar Blues Brewery,Longmont,CO,167,G'KNIGHT (16 oz.),726,0.087,85,American Double / Imperial IPA,16
IPA,Oskar Blues Brewery,Longmont,CO,167,One Hit Wonder,391,0.09,60,American Double / Imperial IPA,12
IPA,Oskar Blues Brewery,Longmont,CO,167,G'KNIGHT (12 oz.),388,0.087,85,American Double / Imperial IPA,12
IPA,Oskar Blues Brewery,Longmont,CO,167,GUBNA Imperial IPA,6,0.099,100,American Double / Imperial IPA,12
IPA,Oskar Blues Brewery,Longmont,CO,167,Gordon Ale (2009),4,0.087,85,American Double / Imperial IPA,12
IPA,Everybody's Brewing,White Salmon,WA,171,Little Sister India Style Session Ale,2292,0.043,60,American IPA,12
IPA,Everybody's Brewing,White Salmon,WA,171,Country Boy IPA,1504,0.062,80,American IPA,12
IPA,Anderson Valley Brewing Company,Boonville,CA,172,Hop Ottin' IPA,1327,0.07,80,American IPA,12
IPA,Anderson Valley Brewing Company,Boonville,CA,172,Hop Ottin' IPA (2011),367,0.07,80,American IPA,12
IPA,Fiddlehead Brewing Company,Shelburne,VT,173,Second Fiddle,1929,0.082,80,American Double / Imperial IPA,16
IPA,Frog Level Brewing Company,Waynesville,NC,181,Salamander Slam,2254,0.07,73,American IPA,16
IPA,COOP Ale Works,Oklahoma City,OK,183,F5 IPA,1442,0.068,100,American IPA,16
IPA,Seventh Son Brewing Company,Columbus,OH,184,Golden Ratio IPA,1765,0.07,68,American IPA,16
IPA,Mother's Brewing,Springfield,MO,189,Lil' Helper,2208,0.07,70,American IPA,12
IPA,Two Beers Brewing Company,Seattle,WA,191,Day Hike Session,2235,0.041,41,American IPA,12
IPA,Two Beers Brewing Company,Seattle,WA,191,Trailhead ISA,1661,0.048,48,American IPA,12
IPA,Two Beers Brewing Company,Seattle,WA,191,Evo IPA,1659,0.062,70,American IPA,12
IPA,Two Beers Brewing Company,Seattle,WA,191,Evolutionary IPA (2012),1173,0.062,70,American IPA,12
IPA,Two Beers Brewing Company,Seattle,WA,191,Evolutionary IPA (2011),505,0.062,70,American IPA,12
IPA,Two Beers Brewing Company,Seattle,WA,191,Trailhead India Style Session Ale (2011),482,0.048,48,American IPA,12
IPA,Snake River Brewing Company,Jackson,WY,192,Pako’s EyePA,393,0.068,60,American IPA,12
IPA,Capital Brewery,Middleton,WI,193,Ghost Ship White IPA,1954,0.056,55,American IPA,12
IPA,Capital Brewery,Middleton,WI,193,Mutiny IPA,1177,0.062,70,American IPA,12
IPA,Goose Island Brewery Company,Chicago,IL,197,Goose Island India Pale Ale,2198,0.059,55,American IPA,12
IPA,Hop Valley Brewing Company,Springfield,OR,199,Proxima IPA,1543,0.063,70,American IPA,12
IPA,Hop Valley Brewing Company,Springfield,OR,199,Alphadelic IPA,1353,0.065,90,American IPA,12
IPA,Hop Valley Brewing Company,Springfield,OR,199,Alphadelic IPA (2011),499,0.065,90,American IPA,12
IPA,Worthy Brewing Company,Bend,OR,200,Worthy IPA,2194,0.069,69,American IPA,12
IPA,Worthy Brewing Company,Bend,OR,200,Lights Out Vanilla Cream Extra Stout,1513,0.077,30,American Double / Imperial IPA,12
IPA,Worthy Brewing Company,Bend,OR,200,Worthy IPA (2013),1512,0.069,69,American IPA,12
IPA,Upland Brewing Company,Bloomington,IN,203,Campside Session IPA,2190,0.045,50,American IPA,16
IPA,Mehana Brewing Co.,Hilo,HI,204,Tsunami IPA,2186,0.072,75,American IPA,19.2
IPA,Mehana Brewing Co.,Hilo,HI,204,Tsunami IPA,2185,0.072,75,American IPA,12
IPA,People's Brewing Company,Lafayette,IN,206,Mound Builder IPA,2175,0.065,77,American IPA,12
IPA,People's Brewing Company,Lafayette,IN,206,Amazon Princess IPA,2168,0.062,62,American IPA,12
IPA,Fort George Brewery,Astoria,OR,207,Vortex IPA,318,0.074,97,American IPA,16
IPA,Modern Times Beer,San Diego,CA,210,City of the Sun,2159,0.075,85,American IPA,16
IPA,Modern Times Beer,San Diego,CA,210,Booming Rollers,2157,0.068,75,American IPA,16
IPA,Wisconsin Brewing Company,Verona,WI,212,#002 American I.P.A.,2148,0.071,60,American IPA,12
IPA,Wisconsin Brewing Company,Verona,WI,212,#004 Session I.P.A.,2146,0.048,38,American IPA,12
IPA,Buffalo Bayou Brewing Company,Houston,TX,215,More Cowbell,2123,0.09,118,American Double / Imperial IPA,16
IPA,Texian Brewing Co.,Richmond,TX,216,Brutus,2116,0.071,69,English India Pale Ale (IPA),12
IPA,Forgotten Boardwalk,Cherry Hill,NJ,218,1916 Shore Shiver,2110,0.069,65,American IPA,12
IPA,Laughing Dog Brewing Company,Ponderay,ID,219,Laughing Dog IPA,1396,0.064,66,American IPA,12
IPA,Bozeman Brewing Company,Bozeman,MT,220,Bozone HopZone IPA,1289,0.07,80,American IPA,12
IPA,Big Choice Brewing,Broomfield,CO,221,Hemlock Double IPA,1762,0.095,104,American Double / Imperial IPA,12
IPA,Big Storm Brewing Company,Odessa,FL,222,Arcus IPA,2096,0.069,81,American IPA,12
IPA,Carton Brewing Company,Atlantic Highlands,NJ,223,077XX,1940,0.078,80,American Double / Imperial IPA,16
IPA,Carton Brewing Company,Atlantic Highlands,NJ,223,Boat Beer,1439,0.042,35,American IPA,12
IPA,Midnight Sun Brewing Company,Anchorage,AK,224,Pleasure Town,2093,0.063,61,American IPA,12
IPA,Midnight Sun Brewing Company,Anchorage,AK,224,Pleasure Town IPA,1814,0.063,61,American IPA,12
IPA,Midnight Sun Brewing Company,Anchorage,AK,224,Sockeye Red IPA,434,0.057,70,American IPA,12
IPA,Fat Head's Brewery,Middleburg Heights,OH,225,Hop Stalker Fresh Hop IPA,2088,0.07,80,American IPA,16
IPA,DC Brau Brewing Company,Washington,DC,228,On the Wings of Armageddon,851,0.092,115,American Double / Imperial IPA,12
IPA,DC Brau Brewing Company,Washington,DC,228,The Corruption,186,0.065,80,American IPA,12
IPA,Geneva Lake Brewing Company,Lake Geneva,WI,229,No Wake IPA,2077,0.072,50,American IPA,12
IPA,Cape Ann Brewing Company,Gloucester,MA,231,Dead-Eye DIPA,2067,0.09,130,American Double / Imperial IPA,16
IPA,Cape Ann Brewing Company,Gloucester,MA,231,Fisherman's IPA,2066,0.055,64,American IPA,12
IPA,Joseph James Brewing Company,Henderson,NV,234,Hop Box Imperial IPA,468,0.093,90,American Double / Imperial IPA,12
IPA,Harpoon Brewery,Boston,MA,235,The Long Thaw White IPA,1653,0.062,45,American White IPA,12
IPA,Harpoon Brewery,Boston,MA,235,Harpoon IPA,1379,0.059,42,American IPA,12
IPA,Harpoon Brewery,Boston,MA,235,Harpoon IPA (2012),770,0.059,42,American IPA,12
IPA,Harpoon Brewery,Boston,MA,235,Harpoon IPA (2010),126,0.059,42,American IPA,12
IPA,Champion Brewing Company,Charlottesville,VA,237,Missile IPA,1933,0.07,65,American IPA,12
IPA,Wiseacre Brewing Company,Memphis,TN,240,Ananda India Pale Ale,1470,0.062,61,American IPA,12
IPA,Golden Road Brewing,Los Angeles,CA,241,2020 IPA,1777,0.074,74,American IPA,16
IPA,Golden Road Brewing,Los Angeles,CA,241,Wolf Among Weeds IPA,1698,0.08,70,American IPA,16
IPA,Golden Road Brewing,Los Angeles,CA,241,Better Weather IPA,1641,0.094,92,American IPA,16
IPA,Golden Road Brewing,Los Angeles,CA,241,Point the Way IPA,1490,0.059,60,American IPA,16
IPA,Golden Road Brewing,Los Angeles,CA,241,Heal the Bay IPA,1399,0.068,65,American IPA,16
IPA,Golden Road Brewing,Los Angeles,CA,241,Point the Way IPA,1296,0.059,60,American IPA,12
IPA,Golden Road Brewing,Los Angeles,CA,241,Burning Bush Smoked IPA,750,0.08,70,American IPA,16
IPA,Golden Road Brewing,Los Angeles,CA,241,Wolf Among Weeds IPA (2012),749,0.08,70,American IPA,16
IPA,Golden Road Brewing,Los Angeles,CA,241,Point the Way IPA (2012),549,0.059,60,American IPA,16
IPA,Infamous Brewing Company,Austin,TX,243,Infamous IPA,2038,0.07,75,American IPA,12
IPA,Creature Comforts,Athens,GA,248,Tropicalia,2029,0.065,65,American IPA,12
IPA,Half Full Brewery,Stamford,CT,249,Pursuit,2026,0.07,40,American IPA,12
IPA,Barrio Brewing Company,Tucson,AZ,252,Barrio Blanco,2005,0.06,60,American IPA,12
IPA,Santa Cruz Mountain Brewing,Santa Cruz,CA,253,Giant DIPA,2002,0.089,88,American Double / Imperial IPA,16
IPA,Frankenmuth Brewery,Frankenmuth,MI,254,Batch 69 IPA,1556,0.069,69,American IPA,12
IPA,South Austin Brewery,South Austin,TX,258,Texas Pale Ale (TPA),1971,0.055,40,American IPA,16
IPA,Bauhaus Brew Labs,Minneapolis,MN,259,Sky-Five,1965,0.067,70,American IPA,12
IPA,Ska Brewing Company,Durango,CO,265,Modus Hoperandi,1521,0.068,65,American IPA,12
IPA,Ska Brewing Company,Durango,CO,265,Modus Hoperandi,67,0.068,65,American IPA,12
IPA,Tractor Brewing Company,Albuquerque,NM,266,Almanac IPA,1938,0.062,72,American IPA,12
IPA,Long Trail Brewing Company,Bridgewater Corners,VT,269,Long Trail IPA,1926,0.059,42,English India Pale Ale (IPA),12
IPA,The Alchemist,Waterbury,VT,273,Heady Topper,1111,0.08,120,American Double / Imperial IPA,16
IPA,The Alchemist,Waterbury,VT,273,Heady Topper,379,0.08,120,American Double / Imperial IPA,16
IPA,Three Notch'd Brewing Company,Charlottesville,VA,274,40 Mile IPA,1912,0.06,50,American IPA,12
IPA,Otter Creek Brewing,Middlebury,VT,276,Fresh Slice White IPA,1908,0.055,45,American White IPA,12
IPA,Indeed Brewing Company,Minneapolis,MN,278,Let It Ride IPA,1903,0.068,90,American IPA,12
IPA,Berkshire Brewing Company,South Deerfield,MA,279,Lost Sailor IPA,1900,0.055,40,English India Pale Ale (IPA),12
IPA,Headlands Brewing Company,Mill Valley,CA,281,Groupe G,1895,0.076,65,Belgian IPA,16
IPA,Headlands Brewing Company,Mill Valley,CA,281,Hill 88 Double IPA,1893,0.088,77,American Double / Imperial IPA,16
IPA,Bolero Snort Brewery,Ridgefield Park,NJ,282,Longhop IPA,1891,0.042,30,American IPA,16
IPA,Defiance Brewing Company,Hays,KS,284,Thrasher Session India Pale Ale,1886,0.045,44,American IPA,12
IPA,Milwaukee Brewing Company,Milwaukee,WI,285,Hop Freak,1884,0.087,80,American Double / Imperial IPA,16
IPA,Milwaukee Brewing Company,Milwaukee,WI,285,Hop Happy,1080,0.075,51,American IPA,16
IPA,Four Corners Brewing Company,Dallas,TX,288,El Chingon IPA,1874,0.076,73,American IPA,12
IPA,Saint Archer Brewery,San Diego,CA,289,Saint Archer IPA,1867,0.068,66,American IPA,12
IPA,Hale's Ales,Seattle,WA,291,Supergoose IPA,1857,0.069,67,American IPA,12
IPA,Tommyknocker Brewery,Idaho Springs,CO,292,IPA & a Half,1856,0.073,87,American IPA,12
IPA,Baxter Brewing Company,Lewiston,ME,293,Stowaway IPA,182,0.069,69,American IPA,12
IPA,Wachusett Brewing Company,Westminster,MA,296,Wachusett Light IPA,1846,0.04,37,American IPA,12
IPA,Wachusett Brewing Company,Westminster,MA,296,Green Monsta IPA,1845,0.06,55,American IPA,12
IPA,Wachusett Brewing Company,Westminster,MA,296,Wachusett IPA,1844,0.056,50,American IPA,12
IPA,Wachusett Brewing Company,Westminster,MA,296,Larry Imperial IPA,1418,0.085,85,American Double / Imperial IPA,12
IPA,Wachusett Brewing Company,Westminster,MA,296,Wachusett Light IPA (2013),1029,0.04,37,American IPA,12
IPA,Wachusett Brewing Company,Westminster,MA,296,Green Monsta IPA,618,0.06,55,American IPA,12
IPA,Hop Farm Brewing Company,Pittsburgh,PA,298,Hop Farm IPA,1833,0.058,45,American IPA,12
IPA,Liquid Hero Brewery,York,PA,299,Irregardless IPA,1686,0.065,75,American IPA,12
IPA,Matt Brewing Company,Utica,NY,300,Our Legacy IPA,1831,0.065,60,American IPA,12
IPA,Matt Brewing Company,Utica,NY,300,Our Legacy IPA,1135,0.065,60,American IPA,16
IPA,Boston Beer Company,Boston,MA,301,Rebel IPA,1629,0.065,45,American IPA,16
IPA,Utah Brewers Cooperative,Salt Lake City,UT,303,Squatters Hop Rising Double IPA,1825,0.09,75,American Double / Imperial IPA,12
IPA,Utah Brewers Cooperative,Salt Lake City,UT,303,Squatters Hop Rising Double IPA (2014),1680,0.09,75,American Double / Imperial IPA,12
IPA,Blue Hills Brewery,Canton,MA,305,Quarter Mile Double IPA,1812,0.08,80,American Double / Imperial IPA,12
IPA,Beach Brewing Company,Virginia Beach,VA,307,Hoptopus Double IPA,1806,0.088,108,American Double / Imperial IPA,16
IPA,Payette Brewing Company,Garden City,ID,308,Outlaw IPA,1048,0.062,65,American IPA,12
IPA,Brew Bus Brewing,Tampa,FL,309,Last Stop IPA,1801,0.072,60,American IPA,12
IPA,Sockeye Brewing Company,Boise,ID,310,Dagger Falls IPA,1596,0.063,100,American IPA,12
IPA,Sockeye Brewing Company,Boise,ID,310,Dagger Falls IPA,1595,0.063,100,American IPA,12
IPA,Sockeye Brewing Company,Boise,ID,310,Dagger Falls IPA,879,0.063,100,American IPA,12
IPA,Dirty Bucket Brewing Company,Woodinville,WA,312,Filthy Hoppin' IPA,1795,0.065,72,American IPA,16
IPA,Slanted Rock Brewing Company,Meridian,ID,314,Initial Point India Pale Ale,1609,0.071,92,American IPA,12
IPA,Piney River Brewing Company,Bucryus,MO,315,Missouri Mule India Pale Ale,479,0.07,70,American IPA,16
IPA,Claremont Craft Ales,Claremont,CA,321,Jacaranada Rye IPA,1772,0.067,60,American IPA,16
IPA,Rivertown Brewing Company,Lockland,OH,322,Lil SIPA,1771,0.05,55,American IPA,16
IPA,Voodoo Brewery,Meadville,PA,323,Good Vibes IPA,1603,0.073,85,American IPA,12
IPA,Pisgah Brewing Company,Black Mountain,NC,325,GreyBeard™ IPA,1760,0.069,51,American IPA,12
IPA,The Just Beer Project,Burlington,VT,329,Just IPA,1749,0.046,45,American IPA,12
IPA,La Cumbre Brewing Company,Albuquerque,NM,333,Elevated IPA,664,0.072,100,American IPA,16
IPA,Fargo Brewing Company,Fargo,ND,336,Wood Chipper India Pale Ale,1434,0.067,70,American IPA,12
IPA,Big Sky Brewing Company,Missoula,MT,337,Big Sky IPA,1714,0.062,65,American IPA,12
IPA,Big Sky Brewing Company,Missoula,MT,337,Big Sky IPA (2012),579,0.062,65,American IPA,12
IPA,Nebraska Brewing Company,Papillion,NE,338,Nebraska India Pale Ale,1148,0.065,65,American IPA,12
IPA,Wormtown Brewery,Worcester,MA,340,Be Hoppy IPA,1697,0.065,69,American IPA,16
IPA,Due South Brewing Company,Boynton Beach,FL,341,Category 3 IPA,1685,0.061,64,American IPA,12
IPA,KelSo Beer Company,Brooklyn,NY,343,KelSo India Pale Ale,1572,0.06,64,American IPA,12
IPA,Hardywood Park Craft Brewery,Richmond,VA,344,The Great Return,1677,0.075,70,American IPA,16
IPA,Wolf Hills Brewing Company,Abingdon,VA,345,Troopers Alley IPA,1676,0.059,135,American IPA,12
IPA,Lavery Brewing Company,Erie,PA,346,Madra Allta,1675,0.064,95,American IPA,12
IPA,Lavery Brewing Company,Erie,PA,346,Duluchan India Pale Ale,1249,0.056,70,American IPA,12
IPA,Manzanita Brewing Company,Santee,CA,347,Chaotic Double IPA,1674,0.099,93,American Double / Imperial IPA,12
IPA,Manzanita Brewing Company,Santee,CA,347,Manzanita IPA,1673,0.08,88,American IPA,12
IPA,Central Coast Brewing Company,San Luis Obispo,CA,351,Lucky Day IPA,1648,0.072,85,American IPA,16
IPA,Central Coast Brewing Company,San Luis Obispo,CA,351,Terrace Hill Double IPA,1647,0.095,99,American Double / Imperial IPA,16
IPA,Westfield River Brewing Company,Westfield,MA,352,Charlie in the Rye,1550,0.058,55,American IPA,12
IPA,Pikes Peak Brewing Company,Monument,CO,356,Elephant Rock IPA,1384,0.07,75,American IPA,12
IPA,Manayunk Brewing Company,Philadelphia,PA,357,Dreamin' Double IPA,1334,0.085,85,American Double / Imperial IPA,12
IPA,NoDa Brewing Company,Charlotte,NC,360,Hop Drop 'N Roll IPA,1621,0.072,80,American IPA,16
IPA,Wild Onion Brewing Company,Lake Barrington,IL,362,Hop Slayer Double IPA,1619,0.082,100,American Double / Imperial IPA,12
IPA,Wild Onion Brewing Company,Lake Barrington,IL,362,Hop Slayer Double IPA (2011),740,0.082,100,American Double / Imperial IPA,12
IPA,Wild Onion Brewing Company,Lake Barrington,IL,362,Hop Slayer Double IPA (2011),430,0.082,100,American Double / Imperial IPA,12
IPA,Great River Brewery,Davenport,IA,366,Big Cock IPA,540,0.07,70,American IPA,16
IPA,21st Amendment Brewery,San Francisco,CA,369,21st Amendment IPA (2006),799,0.07,70,American IPA,12
IPA,21st Amendment Brewery,San Francisco,CA,369,Brew Free! or Die IPA (2008),797,0.07,70,American IPA,12
IPA,21st Amendment Brewery,San Francisco,CA,369,Brew Free! or Die IPA (2009),796,0.07,70,American IPA,12
IPA,21st Amendment Brewery,San Francisco,CA,369,Hop Crisis,432,0.097,94,American Double / Imperial IPA,12
IPA,21st Amendment Brewery,San Francisco,CA,369,Brew Free! or Die IPA,10,0.07,65,American IPA,12
IPA,Eddyline Brewery & Restaurant,Buena Vista,CO,370,Crank Yanker IPA,1382,0.078,74,American IPA,16
IPA,Eddyline Brewery & Restaurant,Buena Vista,CO,370,Crank Yanker IPA (2011),395,0.078,74,American IPA,16
IPA,Sly Fox Brewing Company,Pottstown,PA,372,Odyssey Imperial IPA,894,0.084,90,American Double / Imperial IPA,12
IPA,Sly Fox Brewing Company,Pottstown,PA,372,113 IPA,24,0.07,113,American IPA,12
IPA,Astoria Brewing Company,Astoria,OR,375,Bitter Bitch Imperial IPA,980,0.082,138,American Double / Imperial IPA,12
IPA,Maui Brewing Company,Lahaina,HI,376,Flyin' HI.P.Hay,435,0.068,68,American IPA,12
IPA,Maui Brewing Company,Lahaina,HI,376,Big Swell IPA,31,0.062,65,American IPA,12
IPA,RoughTail Brewing Company,Midwest City,OK,377,RoughTail IPA,1576,0.07,80,American IPA,16
IPA,Starr Hill Brewery,Crozet,VA,384,Northern Lights India Pale Ale,1205,0.065,52,American IPA,16
IPA,Starr Hill Brewery,Crozet,VA,384,Northern Lights India Pale Ale,368,0.065,52,American IPA,12
IPA,Westbrook Brewing Company,Mt. Pleasant,SC,385,Westbrook IPA,575,0.068,65,American IPA,12
IPA,Shipyard Brewing Company,Portland,ME,386,Monkey Fist IPA,1539,0.069,65,American IPA,12
IPA,Natian Brewery,Portland,OR,388,Old Grogham Imperial India Pale Ale,1265,0.085,86,American Double / Imperial IPA,16
IPA,Natian Brewery,Portland,OR,388,Old Grogham Imperial India Pale Ale (2012),747,0.085,86,American Double / Imperial IPA,16
IPA,Oskar Blues Brewery (North Carol...,Brevard,NC,390,G'KNIGHT,1533,0.087,85,American Double / Imperial IPA,12
IPA,Oskar Blues Brewery (North Carol...,Brevard,NC,390,Deviant Dale's IPA,1328,0.08,85,American Double / Imperial IPA,16
IPA,Breckenridge Brewery,Denver,CO,392,Lucky U IPA,193,0.062,68,American IPA,12
IPA,Miami Brewing Company,Miami,FL,394,Miami Vice IPA,1506,0.071,62,American IPA,12
IPA,Amnesia Brewing Company,Washougal,WA,402,Desolation IPA,837,0.062,43,American IPA,16
IPA,Fate Brewing Company,Boulder,CO,406,Moirai India Pale Ale,1451,0.07,70,American IPA,16
IPA,New England Brewing Company,Woodbridge,CT,411,Gandhi-Bot Double IPA (12 oz.),320,0.088,85,American Double / Imperial IPA,12
IPA,New England Brewing Company,Woodbridge,CT,411,Gandhi-Bot Double IPA (16 oz.) (2010),42,0.088,85,American Double / Imperial IPA,16
IPA,Straight to Ale,Huntsville,AL,413,Monkeynaut IPA,637,0.072,70,American IPA,12
IPA,Hess Brewing Company,San Diego,CA,424,Habitus IPA,1346,0.08,86,American IPA,16
IPA,Wynkoop Brewing Company,Denver,CO,425,Belgorado,928,0.067,45,Belgian IPA,12
IPA,Schlafly Brewing Company,Saint Louis,MO,429,Schlafly IPA,1078,0.045,30,American IPA,12
IPA,Asher Brewing Company,Boulder,CO,430,Green Bullet Organic India Pale Ale,1322,0.07,45,American IPA,16
IPA,Lost Rhino Brewing Company,Ashburn,VA,431,Face Plant IPA,1309,0.062,65,American IPA,12
IPA,Seabright Brewery,Santa Cruz,CA,433,Blur India Pale Ale,1302,0.074,60,American IPA,12
IPA,Southern Oregon Brewing Company,Medford,OR,437,Nice Rack IPA,1282,0.055,65,American IPA,16
IPA,Brooklyn Brewery,Brooklyn,NY,438,East India Pale Ale,1279,0.068,47,English India Pale Ale (IPA),16
IPA,Brooklyn Brewery,Brooklyn,NY,438,East India Pale Ale,566,0.068,47,English India Pale Ale (IPA),12
IPA,O'Fallon Brewery,O'Fallon,MO,443,5 Day IPA,1258,0.061,66,American IPA,12
IPA,Big Wood Brewery,Vadnais Heights,MN,445,Bad Axe Imperial IPA,1255,0.098,76,American Double / Imperial IPA,16
IPA,Big Wood Brewery,Vadnais Heights,MN,445,Bark Bite IPA,985,0.066,50,American IPA,16
IPA,Swamp Head Brewery,Gainesville,FL,448,Big Nose,1242,0.073,50,American IPA,12
IPA,TailGate Beer,San Diego,CA,450,Dodgy Knight Imperial IPA,1229,0.08,95,American Double / Imperial IPA,12
IPA,TailGate Beer,San Diego,CA,450,TailGate IPA,663,0.05,44,American IPA,24
IPA,TailGate Beer,San Diego,CA,450,TailGate IPA,662,0.05,44,American IPA,12
IPA,Denali Brewing Company,Talkeetna,AK,454,Twister Creek India Pale Ale,947,0.065,71,American IPA,12
IPA,The Black Tooth Brewing Company,Sheridan,WY,458,Indian Paintbrush IPA,1199,0.07,75,American IPA,12
IPA,Fremont Brewing Company,Seattle,WA,461,Interurban IPA,857,0.065,80,American IPA,12
IPA,Good Life Brewing Company,Bend,OR,465,Descender IPA,1109,0.07,70,American IPA,12
IPA,Red Hare Brewing Company,Marietta,GA,476,Gangway IPA,938,0.062,55,American IPA,12
IPA,Good People Brewing Company,Birmingham,AL,479,Snake Handler Double IPA,312,0.093,103,American Double / Imperial IPA,12
IPA,Good People Brewing Company,Birmingham,AL,479,Good People IPA,309,0.06,64,American IPA,12
IPA,Heavy Seas Beer,Halethorpe,MD,480,Loose Cannon,990,0.072,45,American IPA,12
IPA,7 Seas Brewing Company,Gig Harbor,WA,482,Rude Parrot IPA,972,0.059,75,American IPA,16
IPA,7 Seas Brewing Company,Gig Harbor,WA,482,Ballz Deep Double IPA,47,0.084,82,American Double / Imperial IPA,16
IPA,Confluence Brewing Company,Des Moines,IA,483,Des Moines IPA,970,0.068,75,American IPA,16
IPA,Bale Breaker Brewing Company,Yakima,WA,484,Topcutter India Pale Ale,966,0.068,70,American IPA,12
IPA,Redhook Brewery,Woodinville,WA,488,Long Hammer IPA,945,0.065,44,American IPA,16
IPA,Redhook Brewery,Woodinville,WA,488,Long Hammer IPA,583,0.065,44,American IPA,12
IPA,Blue Point Brewing Company,Patchogue,NY,490,Blue Point White IPA,692,0.06,40,American White IPA,12
IPA,Tampa Bay Brewing Company,Tampa,FL,491,Old Elephant Foot IPA,544,0.07,80,American IPA,16
IPA,Devil's Canyon Brewery,Belmont,CA,492,California Sunshine Rye IPA,730,0.071,85,American IPA,16
IPA,Broken Tooth Brewing Company,Anchorage,AK,494,Fairweather IPA,648,0.061,64,American IPA,12
IPA,Seven Brides Brewery,Silverton,OR,495,Frankenlou's IPA,918,0.07,105,American IPA,16
IPA,Dry Dock Brewing Company,Aurora,CO,497,Hop Abomination,881,0.066,100,American IPA,12
IPA,Oskar Blues Brewery,Lyons,CO,504,Gordon (2005),805,0.092,85,American Double / Imperial IPA,12
IPA,Oskar Blues Brewery,Lyons,CO,504,Gordon Beer (2006),733,0.087,60,American Double / Imperial IPA,12
IPA,Wingman Brewers,Tacoma,WA,510,Ace IPA,762,0.074,83,American IPA,16
IPA,Kettle House Brewing Company,Missoula,MT,511,Double Haul IPA (2009),759,0.065,65,American IPA,16
IPA,Kettle House Brewing Company,Missoula,MT,511,Double Haul IPA (2006),758,0.065,65,American IPA,16
IPA,Kettle House Brewing Company,Missoula,MT,511,Double Haul IPA,86,0.065,65,American IPA,16
IPA,Big River Brewing Company,Chattanooga,TN,520,House Brand IPA,632,0.06,55,American IPA,12
IPA,Twisted Pine Brewing Company,Boulder,CO,521,Hoppy Boy,641,0.062,65,American IPA,16
IPA,Flying Dog Brewery,Frederick,MD,522,Snake Dog IPA,608,0.071,60,American IPA,12
IPA,Aspen Brewing Company,Aspen,CO,524,Independence Pass Ale,596,0.07,67,American IPA,12
IPA,Intuition Ale Works,Jacksonville,FL,528,I-10 IPA,558,0.068,55,American IPA,12
IPA,Asheville Brewing Company,Asheville,NC,529,Shiva IPA,428,0.06,69,American IPA,12
IPA,Abita Brewing Company,Abita Springs,LA,534,Jockamo IPA,516,0.065,52,American IPA,12
IPA,Upstate Brewing Company,Elmira,NY,547,Upstate I.P.W.,381,0.065,70,American IPA,12
Ale,NorthGate Brewing,Minneapolis,MN,1,Wall's End,2690,0.048,19,English Brown Ale,16
Ale,NorthGate Brewing,Minneapolis,MN,1,Pumpion,2689,0.06,38,Pumpkin Ale,16
Ale,Against the Grain Brewery,Louisville,KY,2,A Beer,2683,0.042,42,American Pale Ale (APA),16
Ale,Against the Grain Brewery,Louisville,KY,2,Flesh Gourd'n,2681,0.066,21,Pumpkin Ale,16
Ale,Against the Grain Brewery,Louisville,KY,2,Sho'nuff,2680,0.04,13,Belgian Pale Ale,16
Ale,Against the Grain Brewery,Louisville,KY,2,Coq de la Marche,2677,0.051,38,Saison / Farmhouse Ale,16
Ale,Against the Grain Brewery,Louisville,KY,2,The Brown Note,2674,0.05,20,English Brown Ale,16
Ale,Mike Hess Brewing Company,San Diego,CA,4,Jucundus,2666,0.06,24,Wheat Ale,16
Ale,Mike Hess Brewing Company,San Diego,CA,4,Grazias,2663,0.063,30,Cream Ale,16
Ale,Fort Point Beer Company,San Francisco,CA,5,Park,2661,0.047,19,American Pale Wheat Ale,12
Ale,Fort Point Beer Company,San Francisco,CA,5,Westfalia,2660,0.056,16,American Amber / Red Ale,12
Ale,Petoskey Brewing,Petoskey,MI,12,North 45 Amber Ale,1404,0.059,25,American Amber / Red Ale,16
Ale,Perrin Brewing Company,Comstock Park,MI,14,Hotbox Brown,2633,0.055,10,American Brown Ale,12
Ale,Perrin Brewing Company,Comstock Park,MI,14,Gold,2632,0.048,15,American Blonde Ale,12
Ale,Perrin Brewing Company,Comstock Park,MI,14,Veteran’s Pale Ale (VPA),2629,0.05,40,American Pale Ale (APA),12
Ale,Founders Brewing Company,Grand Rapids,MI,16,Dirty Bastard,2625,0.085,50,Scotch Ale / Wee Heavy,12
Ale,Flat 12 Bierwerks,Indianapolis,IN,17,Hinchtown Hammer Down,2284,0.05,27,American Blonde Ale,16
Ale,Tin Man Brewing Company,Evansville,IN,18,Rivet Irish Red Ale,950,0.051,22,Irish Red Ale,16
Ale,Three Pints Brewing,Martinsville,IN,22,Citra Faced,2617,0.055,64,American Pale Wheat Ale,16
Ale,Three Pints Brewing,Martinsville,IN,22,Pale,2615,0.054,37,American Pale Ale (APA),16
Ale,Indiana City Brewing,Indianapolis,IN,24,Tribute,2609,0.058,58,American Pale Ale (APA),12
Ale,Burn 'Em Brewing,Michigan City,IN,25,Pale Alement,2478,0.055,40,American Pale Ale (APA),12
Ale,Burn 'Em Brewing,Michigan City,IN,25,Joey Wheat,2160,0.068,16,American Pale Wheat Ale,16
Ale,Burn 'Em Brewing,Michigan City,IN,25,Pale Alement,2054,0.055,40,American Pale Ale (APA),16
Ale,Sun King Brewing Company,Indianapolis,IN,26,Hop Up Offa That Brett (2014),2085,0.058,20,Belgian Pale Ale,16
Ale,Sun King Brewing Company,Indianapolis,IN,26,PV Muckle (2013),2084,0.083,23,Scotch Ale / Wee Heavy,16
Ale,Sun King Brewing Company,Indianapolis,IN,26,Bourbon Barrel Batch 666: Sympathy for the Devil,2083,0.099,36,Belgian Dark Ale,16
Ale,Sun King Brewing Company,Indianapolis,IN,26,Whip Fight,2082,0.09,30,Scotch Ale / Wee Heavy,16
Ale,Sun King Brewing Company,Indianapolis,IN,26,Port Barrel Wee Mac,2081,0.053,23,Scotch Ale / Wee Heavy,16
Ale,Sun King Brewing Company,Indianapolis,IN,26,Wee Muckle,1656,0.09,30,Scotch Ale / Wee Heavy,16
Ale,Sun King Brewing Company,Indianapolis,IN,26,Osiris Pale Ale,1389,0.056,50,American Pale Ale (APA),16
Ale,Sun King Brewing Company,Indianapolis,IN,26,Bourbon Barrel Wee Mac,1127,0.054,23,Scottish Ale,16
Ale,Sun King Brewing Company,Indianapolis,IN,26,Wee Muckle (2011),584,0.09,30,Scotch Ale / Wee Heavy,16
Ale,Sun King Brewing Company,Indianapolis,IN,26,Wee Mac Scottish-Style Ale,213,0.054,23,Scottish Ale,16
Ale,Sun King Brewing Company,Indianapolis,IN,26,Sunlight Cream Ale,55,0.053,20,Cream Ale,16
Ale,Sun King Brewing Company,Indianapolis,IN,26,Osiris Pale Ale (2010),54,0.056,50,American Pale Ale (APA),16
Ale,Evil Czech Brewery,Mishawaka,IN,27,Blonde Czich,2604,0.049,23,American Blonde Ale,16
Ale,450 North Brewing Company,Columbus,IN,28,Ironman,2218,0.09,50,English Strong Ale,16
Ale,450 North Brewing Company,Columbus,IN,28,Copperhead Amber,2216,0.052,18,Belgian Dark Ale,16
Ale,Cedar Creek Brewery,Seven Points,TX,30,Elliott's Phoned Home Pale Ale,1182,0.051,36,American Pale Ale (APA),16
Ale,Cedar Creek Brewery,Seven Points,TX,30,The Lawn Ranger,1050,0.05,18,Cream Ale,16
Ale,SanTan Brewing Company,Chandler,AZ,31,SunSpot Golden Ale,1934,0.05,15,American Blonde Ale,12
Ale,SanTan Brewing Company,Chandler,AZ,31,Epicenter Amber Ale,1073,0.055,20,American Amber / Red Ale,12
Ale,SanTan Brewing Company,Chandler,AZ,31,Devil’s Ale,850,0.055,45,American Pale Ale (APA),12
Ale,SanTan Brewing Company,Chandler,AZ,31,American Idiot Ale (2012),764,0.055,45,American Pale Ale (APA),12
Ale,SanTan Brewing Company,Chandler,AZ,31,Devil’s Ale (2010),285,0.055,45,American Pale Ale (APA),12
Ale,SanTan Brewing Company,Chandler,AZ,31,Epicenter Amber Ale (2010),124,0.055,20,American Amber / Red Ale,12
Ale,The Dudes' Brewing Company,Torrance,CA,34,Surfrider,2594,0.052,35,American Pale Ale (APA),16
Ale,The Dudes' Brewing Company,Torrance,CA,34,Grandma's Pecan,1562,0.069,34,English Brown Ale,16
Ale,Avery Brewing Company,Boulder,CO,38,Ellie’s Brown Ale,106,0.055,17,American Brown Ale,12
Ale,Revolution Brewing Company,Chicago,IL,45,Fist City,2576,0.055,40,American Pale Ale (APA),12
Ale,Tallgrass Brewing Company,Manhattan,KS,46,Ginger Peach Saison,2555,0.048,20,Saison / Farmhouse Ale,16
Ale,Tallgrass Brewing Company,Manhattan,KS,46,Wild Plum Farmhouse Ale,1196,0.056,20,Saison / Farmhouse Ale,16
Ale,Tallgrass Brewing Company,Manhattan,KS,46,Tallgrass Pub Ale,1009,0.044,12,American Brown Ale,16
Ale,Tallgrass Brewing Company,Manhattan,KS,46,Halcyon Unfiltered Wheat,676,0.05,20,American Pale Wheat Ale,16
Ale,Tallgrass Brewing Company,Manhattan,KS,46,Halcyon Unfiltered Wheat,412,0.05,20,American Pale Wheat Ale,12
Ale,Tallgrass Brewing Company,Manhattan,KS,46,Tallgrass Ale,103,0.044,22,American Brown Ale,16
Ale,Sixpoint Craft Ales,Brooklyn,NY,47,Sensi Harvest,1962,0.047,50,American Pale Ale (APA),12
Ale,Sixpoint Craft Ales,Brooklyn,NY,47,Global Warmer,1608,0.07,70,American Strong Ale,12
Ale,Sixpoint Craft Ales,Brooklyn,NY,47,Sweet Action,1387,0.052,34,Cream Ale,16
Ale,Sixpoint Craft Ales,Brooklyn,NY,47,Brownstone,778,0.059,47,American Brown Ale,16
Ale,Sixpoint Craft Ales,Brooklyn,NY,47,Apollo,630,0.052,11,American Pale Wheat Ale,16
Ale,Sixpoint Craft Ales,Brooklyn,NY,47,Harbinger,629,0.049,35,Saison / Farmhouse Ale,16
Ale,Sixpoint Craft Ales,Brooklyn,NY,47,Autumnation (2011-12) (2011),512,0.06,48,Pumpkin Ale,16
Ale,Sixpoint Craft Ales,Brooklyn,NY,47,Sweet Action (2011),424,0.052,34,Cream Ale,16
Ale,Firestone Walker Brewing Company,Paso Robles,CA,49,805,1733,0.047,20,American Blonde Ale,12
Ale,Upslope Brewing Company,Boulder,CO,52,Lee Hill Series Vol. 2 - Wild Saison,2563,0.068,24,American Wild Ale,19.2
Ale,Upslope Brewing Company,Boulder,CO,52,Ferus Fluxus Wild Belgian Pale Ale,1853,0.075,30,American Wild Ale,19.2
Ale,Upslope Brewing Company,Boulder,CO,52,Upslope Belgian Style Pale Ale,683,0.075,30,Belgian Pale Ale,12
Ale,Bent Brewstillery,Roseville,MN,54,Nordic Blonde,2556,0.057,27,American Blonde Ale,12
Ale,Pollyanna Brewing Company,Lemont,IL,56,Mazzie,2553,0.054,45,American Pale Ale (APA),12
Ale,Destihl Brewery,Bloomington,IL,58,Abbey's Single (2015- ),2505,0.049,22,Abbey Single Ale,12
Ale,Destihl Brewery,Bloomington,IL,58,Abbey's Single Ale (Current),1887,0.049,22,Abbey Single Ale,12
Ale,Summit Brewing Company,St. Paul,MN,59,Hopvale Organic Ale,2473,0.047,55,American Pale Ale (APA),16
Ale,4 Hands Brewing Company,Saint Louis,MO,61,Send Help,2544,0.045,18,American Blonde Ale,12
Ale,4 Hands Brewing Company,Saint Louis,MO,61,Contact High,1870,0.05,28,American Pale Wheat Ale,12
Ale,Surly Brewing Company,Brooklyn Center,MN,62,BLAKKR,1739,0.099,85,American Black Ale,16
Ale,Surly Brewing Company,Brooklyn Center,MN,62,Coffee Bender,17,0.051,45,American Brown Ale,16
Ale,Surly Brewing Company,Brooklyn Center,MN,62,Bender,16,0.051,45,American Brown Ale,16
Ale,Surly Brewing Company,Brooklyn Center,MN,62,CynicAle,13,0.067,33,Saison / Farmhouse Ale,16
Ale,Against The Grain Brewery,Louisville,KY,63,The Brown Note,2539,0.05,20,American Brown Ale,16
Ale,Crazy Mountain Brewing Company,Edwards,CO,64,Neomexicanus Native,2538,0.06,46,American Pale Ale (APA),12
Ale,Crazy Mountain Brewing Company,Edwards,CO,64,Old Soul,2355,0.075,25,Belgian Strong Pale Ale,12
Ale,Crazy Mountain Brewing Company,Edwards,CO,64,Crazy Mountain Amber Ale,356,0.052,25,American Amber / Red Ale,12
Ale,Freetail Brewing Company,San Antonio,TX,67,Texicali,2526,0.065,33,American Brown Ale,12
Ale,Red Shedman Farm Brewery and Hop...,Mt. Airy,MD,69,Farmer's Daughter Blonde,2516,0.051,17,American Blonde Ale,16
Ale,Appalachian Mountain Brewery,Boone,NC,70,Honey Badger Blonde,2510,0.047,19,American Blonde Ale,16
Ale,Birdsong Brewing Company,Charlotte,NC,71,Jalapeno Pale Ale,2508,0.055,45,American Pale Ale (APA),16
Ale,Atwater Brewery,Detroit,MI,73,Dirty Blonde Ale,534,0.045,8,American Blonde Ale,12
Ale,Two Brothers Brewing Company,Warrenville,IL,75,Night Cat,2246,0.058,43,American Dark Wheat Ale,12
Ale,Two Brothers Brewing Company,Warrenville,IL,75,Night Cat (2014),1630,0.058,43,American Dark Wheat Ale,12
Ale,Two Brothers Brewing Company,Warrenville,IL,75,Sidekick Extra Pale Ale,1121,0.051,36,American Pale Ale (APA),12
Ale,Two Brothers Brewing Company,Warrenville,IL,75,Cane and Ebel,861,0.07,68,American Strong Ale,12
Ale,Bent Paddle Brewing Company,Duluth,MN,76,Bent Paddle Black Ale,1261,0.06,34,American Black Ale,12
Ale,Black Tooth Brewing Company,Sheridan,WY,80,Saddle Bronc Brown Ale,2485,0.048,16,American Brown Ale,12
Ale,Black Tooth Brewing Company,Sheridan,WY,80,Bomber Mountain Amber Ale,2484,0.046,20,American Amber / Red Ale,12
Ale,Hopworks Urban Brewery,Portland,OR,81,Nonstop Hef Hop,2400,0.039,20,American Pale Wheat Ale,16
Ale,Hopworks Urban Brewery,Portland,OR,81,Nonstop Hef Hop,2399,0.039,20,American Pale Wheat Ale,16
Ale,Hopworks Urban Brewery,Portland,OR,81,Nonstop Hef Hop,2398,0.039,20,American Pale Wheat Ale,16
Ale,Hopworks Urban Brewery,Portland,OR,81,Nonstop Hef Hop,2397,0.039,20,American Pale Wheat Ale,16
Ale,Hopworks Urban Brewery,Portland,OR,81,Nonstop Hef Hop,2396,0.039,20,American Pale Wheat Ale,16
Ale,Hopworks Urban Brewery,Portland,OR,81,Nonstop Hef Hop,2395,0.039,20,American Pale Wheat Ale,16
Ale,Hopworks Urban Brewery,Portland,OR,81,Nonstop Hef Hop,2394,0.039,20,American Pale Wheat Ale,16
Ale,Hopworks Urban Brewery,Portland,OR,81,Nonstop Hef Hop,2393,0.039,20,American Pale Wheat Ale,16
Ale,Hopworks Urban Brewery,Portland,OR,81,Nonstop Hef Hop,2392,0.039,20,American Pale Wheat Ale,16
Ale,Hopworks Urban Brewery,Portland,OR,81,Nonstop Hef Hop,2391,0.039,20,American Pale Wheat Ale,16
Ale,Hopworks Urban Brewery,Portland,OR,81,Nonstop Hef Hop,2390,0.039,20,American Pale Wheat Ale,16
Ale,Hopworks Urban Brewery,Portland,OR,81,Nonstop Hef Hop,2389,0.039,20,American Pale Wheat Ale,16
Ale,Hopworks Urban Brewery,Portland,OR,81,Rise Up Red,2388,0.058,60,American Amber / Red Ale,16
Ale,Hopworks Urban Brewery,Portland,OR,81,Abominable Winter Ale,2193,0.073,70,American Strong Ale,16
Ale,Hopworks Urban Brewery,Portland,OR,81,Rise-Up Red (2014),1085,0.058,60,American Amber / Red Ale,16
Ale,Hopworks Urban Brewery,Portland,OR,81,Abominable Winter Ale (2012),916,0.073,70,American Strong Ale,16
Ale,New Belgium Brewing Company,Fort Collins,CO,83,Fat Tire Amber Ale,1586,0.052,18,American Amber / Red Ale,12
Ale,New Belgium Brewing Company,Fort Collins,CO,83,Fat Tire Amber Ale (2011),748,0.052,18,American Amber / Red Ale,12
Ale,New Belgium Brewing Company,Fort Collins,CO,83,Fat Tire Amber Ale,563,0.052,18,American Amber / Red Ale,16
Ale,New Belgium Brewing Company,Fort Collins,CO,83,Fat Tire Amber Ale (2008),71,0.052,18,American Amber / Red Ale,12
Ale,Sierra Nevada Brewing Company,Chico,CA,84,Sierra Nevada Pale Ale,1905,0.056,37,American Pale Ale (APA),16
Ale,Sierra Nevada Brewing Company,Chico,CA,84,Old Chico Crystal Wheat,1338,0.048,26,American Pale Wheat Ale,12
Ale,Sierra Nevada Brewing Company,Chico,CA,84,Sierra Nevada Pale Ale,400,0.056,37,American Pale Ale (APA),12
Ale,Kirkwood Station Brewing Company,Kirkwood,MO,88,Blackberry Wheat,2459,0.048,11,American Pale Wheat Ale,16
Ale,Goose Island Brewing Company,Chicago,IL,89,312 Urban Pale Ale,2457,0.054,30,American Pale Ale (APA),16
Ale,Goose Island Brewing Company,Chicago,IL,89,312 Urban Pale Ale,2202,0.054,30,American Pale Ale (APA),12
Ale,Goose Island Brewing Company,Chicago,IL,89,312 Urban Wheat Ale,2201,0.042,18,American Pale Wheat Ale,16
Ale,Goose Island Brewing Company,Chicago,IL,89,312 Urban Wheat Ale,1829,0.042,18,American Pale Wheat Ale,12
Ale,Goose Island Brewing Company,Chicago,IL,89,312 Urban Wheat Ale (2012),581,0.042,20,American Pale Wheat Ale,12
Ale,Madtree Brewing Company,Cincinnati,OH,92,Sol Drifter,2209,0.043,18,American Blonde Ale,12
Ale,Madtree Brewing Company,Cincinnati,OH,92,SPRYE,1815,0.05,40,American Pale Ale (APA),12
Ale,Madtree Brewing Company,Cincinnati,OH,92,Gnarly Brown,1125,0.07,32,American Brown Ale,12
Ale,Madtree Brewing Company,Cincinnati,OH,92,Happy Amber,1124,0.06,30,American Amber / Red Ale,12
Ale,Rhinegeist Brewery,Cincinnati,OH,94,Hustle,2452,0.057,42,American Amber / Red Ale,12
Ale,Rhinegeist Brewery,Cincinnati,OH,94,Pure Fury,2451,0.055,42,American Pale Ale (APA),12
Ale,Rhinegeist Brewery,Cincinnati,OH,94,Dad,2132,0.06,60,American Amber / Red Ale,12
Ale,Rhinegeist Brewery,Cincinnati,OH,94,Zen,1935,0.043,45,American Pale Ale (APA),12
Ale,Rhinegeist Brewery,Cincinnati,OH,94,Cougar,1851,0.048,25,American Blonde Ale,12
Ale,Warped Wing Brewing Company,Dayton,OH,95,Ermal's,2223,0.054,20,Cream Ale,16
Ale,Tröegs Brewing Company,Hershey,PA,98,Nugget Nectar,2444,0.075,93,American Amber / Red Ale,16
Ale,Mission Brewery,San Diego,CA,99,El Conquistador Extra Pale Ale,1460,0.048,44,American Pale Ale (APA),32
Ale,Coastal Extreme Brewing Company,Newport,RI,102,Hurricane Amber Ale (2004),751,0.052,24,American Amber / Red Ale,12
Ale,Coastal Extreme Brewing Company,Newport,RI,102,Hurricane Amber Ale,120,0.052,24,American Amber / Red Ale,12
Ale,Beer Works Brewery,Lowell,MA,104,Fenway American Pale Ale,2423,0.058,45,American Pale Ale (APA),12
Ale,Lone Tree Brewing Company,Lone Tree,CO,105,Peach Pale Ale,2434,0.057,40,American Pale Ale (APA),12
Ale,Four String Brewing Company,Columbus,OH,106,Suncaster Summer Wheat,2427,0.05,28,American Pale Wheat Ale,12
Ale,Four String Brewing Company,Columbus,OH,106,Brass Knuckle Pale Ale,2425,0.057,36,American Pale Ale (APA),12
Ale,Bonfire Brewing Company,Eagle,CO,108,Kilt Dropper Scotch Ale,1727,0.075,22,Scotch Ale / Wee Heavy,16
Ale,Bonfire Brewing Company,Eagle,CO,108,Kindler Pale Ale,1183,0.053,45,American Pale Ale (APA),12
Ale,Renegade Brewing Company,Denver,CO,111,Consilium,2414,0.05,40,American Pale Ale (APA),12
Ale,Renegade Brewing Company,Denver,CO,111,5:00 O'Clock Afternoon Ale,1005,0.05,25,American Blonde Ale,16
Ale,Mother Earth Brew Company,Vista,CA,112,Cali Creamin',2413,0.052,21,Cream Ale,12
Ale,Black Market Brewing Company,Temecula,CA,113,Deception,2412,0.045,16,American Blonde Ale,12
Ale,Black Market Brewing Company,Temecula,CA,113,Aftermath Pale Ale,1896,0.058,44,American Pale Ale (APA),12
Ale,Smartmouth Brewing Company,Norfolk,VA,116,Murphy's Law,2406,0.058,35,American Amber / Red Ale,12
Ale,Smartmouth Brewing Company,Norfolk,VA,116,Alter Ego,2405,0.062,33,Saison / Farmhouse Ale,12
Ale,Alameda Brewing,Portland,OR,118,Klickitat Pale Ale,2402,0.053,36,American Pale Ale (APA),12
Ale,Southern Star Brewing Company,Conroe,TX,119,Pine Belt Pale Ale,2387,0.065,45,American Pale Ale (APA),12
Ale,Southern Star Brewing Company,Conroe,TX,119,Old Potentate,1010,0.072,40,Old Ale,12
Ale,Southern Star Brewing Company,Conroe,TX,119,Bombshell Blonde,856,0.05,20,American Blonde Ale,16
Ale,Southern Star Brewing Company,Conroe,TX,119,Pine Belt Pale Ale,45,0.065,45,American Pale Ale (APA),16
Ale,Southern Star Brewing Company,Conroe,TX,119,Bombshell Blonde,44,0.05,20,American Blonde Ale,12
Ale,Steamworks Brewing Company,Durango,CO,120,Third Eye Enlightened Pale Ale,2386,0.065,65,American Pale Ale (APA),12
Ale,Center of the Universe Brewing C...,Ashland,VA,123,Ray Ray’s Pale Ale,1247,0.052,42,American Pale Ale (APA),12
Ale,Griffin Claw Brewing Company,Birmingham,MI,125,Mr. Blue Sky,2375,0.045,6,American Pale Wheat Ale,16
Ale,Griffin Claw Brewing Company,Birmingham,MI,125,Screamin’ Pumpkin,2142,0.05,25,Pumpkin Ale,16
Ale,Griffin Claw Brewing Company,Birmingham,MI,125,El Rojo,2140,0.065,25,American Amber / Red Ale,16
Ale,Griffin Claw Brewing Company,Birmingham,MI,125,Grind Line,2138,0.05,35,American Pale Ale (APA),16
Ale,Karbach Brewing Company,Houston,TX,126,Weekend Warrior Pale Ale,1557,0.055,40,American Pale Ale (APA),12
Ale,Karbach Brewing Company,Houston,TX,126,Barn Burner Saison,1068,0.066,20,Saison / Farmhouse Ale,12
Ale,Deep Ellum Brewing Company,Dallas,TX,128,Oak Cliff Coffee Ale,2251,0.075,33,American Brown Ale,12
Ale,Deep Ellum Brewing Company,Dallas,TX,128,Farmhouse Wit,1202,0.048,25,Saison / Farmhouse Ale,16
Ale,Deep Ellum Brewing Company,Dallas,TX,128,Dallas Blonde,946,0.052,23,American Blonde Ale,12
Ale,Real Ale Brewing Company,Blanco,TX,129,BLAKKR,1861,0.099,85,American Black Ale,12
Ale,Real Ale Brewing Company,Blanco,TX,129,Firemans #4 Blonde Ale (2013),1718,0.051,21,American Blonde Ale,12
Ale,Real Ale Brewing Company,Blanco,TX,129,Four Squared (2015),1086,0.06,50,American Blonde Ale,12
Ale,Real Ale Brewing Company,Blanco,TX,129,Firemans #4 Blonde Ale (2015),830,0.051,21,American Blonde Ale,12
Ale,Stevens Point Brewery,Stevens Point,WI,132,Point Cascade Pale Ale (2013),2270,0.054,33,American Pale Ale (APA),12
Ale,Stevens Point Brewery,Stevens Point,WI,132,Onyx Black Ale,2151,0.052,9,American Black Ale,12
Ale,Stevens Point Brewery,Stevens Point,WI,132,Point Nude Beach Summer Wheat,1225,0.052,7,American Pale Wheat Ale,16
Ale,Stevens Point Brewery,Stevens Point,WI,132,Point Nude Beach Summer Wheat,816,0.05,7,American Pale Wheat Ale,12
Ale,Stevens Point Brewery,Stevens Point,WI,132,Point Nude Beach Summer Wheat (2011),772,0.05,7,American Pale Wheat Ale,12
Ale,Stevens Point Brewery,Stevens Point,WI,132,2012 Black Ale,357,0.054,32,American Brown Ale,12
Ale,Stevens Point Brewery,Stevens Point,WI,132,Point Nude Beach Summer Wheat (2010),141,0.05,7,American Pale Wheat Ale,12
Ale,Stevens Point Brewery,Stevens Point,WI,132,Point Cascade Pale Ale,140,0.054,33,American Pale Ale (APA),12
Ale,Southern Prohibition Brewing Com...,Hattiesburg,MS,134,Devil's Harvest Extra Pale Ale,2297,0.058,60,American Pale Ale (APA),12
Ale,Southern Prohibition Brewing Com...,Hattiesburg,MS,134,Suzy B Dirty Blonde Ale,2296,0.05,20,American Blonde Ale,12
Ale,Southern Prohibition Brewing Com...,Hattiesburg,MS,134,Mississippi Fire Ant,1745,0.08,80,American Amber / Red Ale,16
Ale,Southern Prohibition Brewing Com...,Hattiesburg,MS,134,Suzy B Dirty Blonde Ale,1118,0.05,20,American Blonde Ale,16
Ale,Southern Prohibition Brewing Com...,Hattiesburg,MS,134,Devil's Harvest Extra Pale Ale,1117,0.058,60,American Pale Ale (APA),16
Ale,Pug Ryan's Brewery,Dillon,CO,136,Morning Wood Wheat (Current),2360,0.059,14,American Pale Wheat Ale,12
Ale,Pug Ryan's Brewery,Dillon,CO,136,Over the Rail Pale Ale,711,0.057,68,American Pale Ale (APA),12
Ale,Pug Ryan's Brewery,Dillon,CO,136,Morning Wood Wheat (Current),130,0.059,14,American Pale Wheat Ale,12
Ale,Summit Brewing Company,St Paul,MN,139,Extra Pale Ale,2352,0.053,49,American Pale Ale (APA),12
Ale,Independence Brewing Company,Austin,TX,141,Oklahoma Suks,2350,0.048,32,American Amber / Red Ale,12
Ale,Independence Brewing Company,Austin,TX,141,Power & Light,2301,0.055,42,American Pale Ale (APA),12
Ale,Cigar City Brewing Company,Tampa,FL,142,Wandering Pelican,2013,0.082,65,American Black Ale,12
Ale,Cigar City Brewing Company,Tampa,FL,142,Maduro Brown Ale,1138,0.055,25,English Brown Ale,12
Ale,Cigar City Brewing Company,Tampa,FL,142,Maduro Brown Ale,571,0.055,25,American Brown Ale,12
Ale,Cigar City Brewing Company,Tampa,FL,142,Tocobaga Red Ale,569,0.072,75,American Amber / Red Ale,12
Ale,Third Street Brewhouse,Cold Spring,MN,143,Hunny Do Wheat,2347,0.048,18,American Pale Wheat Ale,12
Ale,Narragansett Brewing Company,Providence,RI,144,Narragansett Summer Ale,1093,0.042,24,American Pale Wheat Ale,12
Ale,Narragansett Brewing Company,Providence,RI,144,Narragansett Cream Ale,580,0.05,22,Cream Ale,16
Ale,Narragansett Brewing Company,Providence,RI,144,Narragansett Summer Ale,403,0.042,24,American Pale Wheat Ale,16
Ale,Odyssey Beerwerks,Arvada,CO,149,Perpetual Darkness,2335,0.092,72,Belgian Strong Dark Ale,12
Ale,Odyssey Beerwerks,Arvada,CO,149,Clan Warrior,2334,0.087,29,Scotch Ale / Wee Heavy,12
Ale,Lonerider Brewing Company,Raleigh,NC,150,Peacemaker Pale Ale,2329,0.057,47,American Pale Ale (APA),12
Ale,Lonerider Brewing Company,Raleigh,NC,150,Sweet Josie,2326,0.061,30,American Brown Ale,12
Ale,Oakshire Brewing,Eugene,OR,151,Oakshire Amber Ale,1669,0.054,24,American Amber / Red Ale,12
Ale,Tin Roof Brewing Company,Baton Rouge,LA,153,Tin Roof Blonde Ale,529,0.045,18,American Blonde Ale,12
Ale,Tin Roof Brewing Company,Baton Rouge,LA,153,Voodoo Bengal Pale Ale,495,0.055,37,American Pale Ale (APA),12
Ale,Tin Roof Brewing Company,Baton Rouge,LA,153,Perfect Tin Amber,494,0.045,28,American Amber / Red Ale,12
Ale,Three Creeks Brewing,Sisters,OR,154,Knotty Blonde Ale,2319,0.04,18,American Blonde Ale,12
Ale,Caldera Brewing Company,Ashland,OR,156,Caldera Pale Ale,1419,0.056,55,American Pale Ale (APA),12
Ale,Caldera Brewing Company,Ashland,OR,156,Ashland Amber Ale (2009),794,0.054,24,American Amber / Red Ale,12
Ale,Caldera Brewing Company,Ashland,OR,156,Caldera Pale Ale (2010),791,0.056,55,American Pale Ale (APA),12
Ale,Caldera Brewing Company,Ashland,OR,156,Caldera Pale Ale (2009),790,0.056,55,American Pale Ale (APA),12
Ale,Caldera Brewing Company,Ashland,OR,156,Caldera Pale Ale (2005),789,0.056,55,American Pale Ale (APA),12
Ale,Caldera Brewing Company,Ashland,OR,156,Caldera Pale Ale (2007),788,0.056,55,American Pale Ale (APA),12
Ale,Caldera Brewing Company,Ashland,OR,156,Caldera Pale Ale (2011),38,0.056,55,American Pale Ale (APA),12
Ale,Caldera Brewing Company,Ashland,OR,156,Ashland Amber Ale,37,0.054,24,American Amber / Red Ale,12
Ale,Greenbrier Valley Brewing Company,Lewisburg,WV,157,Wild Trail Pale Ale,2314,0.057,44,American Pale Ale (APA),12
Ale,Greenbrier Valley Brewing Company,Lewisburg,WV,157,Mothman Black IPA,2313,0.067,71,American Black Ale,12
Ale,Uinta Brewing Company,Salt Lake City,UT,160,PUNK'N,2310,0.05,10,Pumpkin Ale,12
Ale,Uinta Brewing Company,Salt Lake City,UT,160,SUM'R,1212,0.04,17,American Blonde Ale,12
Ale,Uinta Brewing Company,Salt Lake City,UT,160,Cutthroat Pale Ale,1088,0.04,34,American Pale Ale (APA),12
Ale,Uinta Brewing Company,Salt Lake City,UT,160,WYLD Extra Pale Ale,974,0.04,29,American Pale Ale (APA),12
Ale,Four Peaks Brewing Company,Tempe,AZ,161,Kilt Lifter Scottish-Style Ale (2009),179,0.06,21,Scottish Ale,12
Ale,Martin House Brewing Company,Fort Worth,TX,162,River House,2308,0.05,20,Saison / Farmhouse Ale,16
Ale,Martin House Brewing Company,Fort Worth,TX,162,Rubberneck Red,2197,0.05,35,American Amber / Red Ale,16
Ale,Round Guys Brewing,Lansdale,PA,165,Sundown,2304,0.071,36,Saison / Farmhouse Ale,12
Ale,Round Guys Brewing,Lansdale,PA,165,Original Slacker Ale,1842,0.056,40,English Brown Ale,12
Ale,Great Crescent Brewery,Aurora,IN,166,Beer Agent Re-Ignition,2303,0.053,22,American Blonde Ale,16
Ale,Great Crescent Brewery,Aurora,IN,166,Great Crescent Blonde Ale,1699,0.053,22,American Blonde Ale,16
Ale,Great Crescent Brewery,Aurora,IN,166,Great Crescent Brown Ale,649,0.045,36,American Brown Ale,16
Ale,Great Crescent Brewery,Aurora,IN,166,Frosted Fields Winter Wheat,615,0.06,25,American Dark Wheat Ale,16
Ale,Great Crescent Brewery,Aurora,IN,166,Great Crescent Mild Ale,439,0.042,26,English Dark Mild Ale,16
Ale,Great Crescent Brewery,Aurora,IN,166,Great Crescent Blonde Ale (2011),389,0.053,22,American Blonde Ale,16
Ale,Oskar Blues Brewery,Longmont,CO,167,Dale's Pale Ale,1444,0.065,65,American Pale Ale (APA),12
Ale,Oskar Blues Brewery,Longmont,CO,167,Dale's Pale Ale,1252,0.065,65,American Pale Ale (APA),12
Ale,Oskar Blues Brewery,Longmont,CO,167,Dale's Pale Ale,955,0.065,65,American Pale Ale (APA),19.2
Ale,Oskar Blues Brewery,Longmont,CO,167,Dale's Pale Ale (10 Year Anniversary),892,0.065,65,American Pale Ale (APA),12
Ale,Oskar Blues Brewery,Longmont,CO,167,Dale's Pale Ale (2012),828,0.065,65,American Pale Ale (APA),12
Ale,Oskar Blues Brewery,Longmont,CO,167,Dale's Pale Ale (2011),755,0.065,65,American Pale Ale (APA),12
Ale,Oskar Blues Brewery,Longmont,CO,167,Dale's Pale Ale (2010),754,0.065,65,American Pale Ale (APA),12
Ale,Oskar Blues Brewery,Longmont,CO,167,HGH (Home Grown Hops): Part Duh,585,0.08,70,American Strong Ale,12
Ale,Oskar Blues Brewery,Longmont,CO,167,Old Chub,5,0.08,35,Scottish Ale,12
Ale,Oskar Blues Brewery,Longmont,CO,167,Dale's Pale Ale,1,0.065,65,American Pale Ale (APA),12
Ale,High Hops Brewery,Windsor,CO,169,The Power of Zeus,2294,0.07,68,American Pale Ale (APA),12
Ale,Crooked Fence Brewing Company,Garden City,ID,170,Aviator Raspberry Blonde,2293,0.049,25,American Blonde Ale,12
Ale,Anderson Valley Brewing Company,Boonville,CA,172,Summer Solstice,1350,0.056,4,Cream Ale,12
Ale,Anderson Valley Brewing Company,Boonville,CA,172,Boont Amber Ale,1326,0.058,15,American Amber / Red Ale,12
Ale,Anderson Valley Brewing Company,Boonville,CA,172,Boont Amber Ale (2010),811,0.058,15,American Amber / Red Ale,12
Ale,Anderson Valley Brewing Company,Boonville,CA,172,Summer Solstice Cerveza Crema (2009),753,0.056,4,Cream Ale,12
Ale,Anderson Valley Brewing Company,Boonville,CA,172,Boont Amber Ale (2011),78,0.058,15,American Amber / Red Ale,12
Ale,Anderson Valley Brewing Company,Boonville,CA,172,Summer Solstice (2011),77,0.056,4,Cream Ale,12
Ale,Anderson Valley Brewing Company,Boonville,CA,172,Poleeko Gold Pale Ale (2009),76,0.055,28,American Pale Ale (APA),12
Ale,Rahr & Sons Brewing Company,Fort Worth,TX,177,Pride of Texas Pale Ale,2229,0.058,60,American Pale Ale (APA),12
Ale,18th Street Brewery,Gary,IN,178,Bitter Bitch,1979,0.061,60,American Pale Ale (APA),12
Ale,Wild Wolf Brewing Company,Nellysford,VA,182,Blonde Hunny,2253,0.068,21,Belgian Pale Ale,12
Ale,Wild Wolf Brewing Company,Nellysford,VA,182,Wild Wolf Wee Heavy Scottish Style Ale,1318,0.057,20,Scotch Ale / Wee Heavy,12
Ale,Wild Wolf Brewing Company,Nellysford,VA,182,Alpha Ale,1194,0.051,45,American Pale Ale (APA),12
Ale,COOP Ale Works,Oklahoma City,OK,183,Horny Toad Cerveza,2214,0.053,25,American Blonde Ale,16
Ale,COOP Ale Works,Oklahoma City,OK,183,Native Amber,2213,0.063,35,American Amber / Red Ale,16
Ale,COOP Ale Works,Oklahoma City,OK,183,Native Amber (2013),170,0.063,35,American Amber / Red Ale,16
Ale,COOP Ale Works,Oklahoma City,OK,183,Horny Toad Cerveza (2013),169,0.053,25,American Blonde Ale,16
Ale,Seventh Son Brewing Company,Columbus,OH,184,Seventh Son of a Seventh Son,2250,0.077,40,American Strong Ale,16
Ale,Seventh Son Brewing Company,Columbus,OH,184,Stone Fort Brown Ale,1768,0.053,20,English Brown Ale,16
Ale,Seventh Son Brewing Company,Columbus,OH,184,Seventh Son Hopped Red Ale,1767,0.077,40,American Amber / Red Ale,16
Ale,Seventh Son Brewing Company,Columbus,OH,184,Humulus Nimbus Super Pale Ale,1766,0.06,53,American Pale Ale (APA),16
Ale,Oasis Texas Brewing Company,Austin,TX,185,Slow Ride,2069,0.048,35,American Pale Ale (APA),12
Ale,Mother's Brewing,Springfield,MO,189,Towhead,2237,0.052,21,American Blonde Ale,12
Ale,Two Beers Brewing Company,Seattle,WA,191,Immersion Amber,1660,0.052,27,American Amber / Red Ale,12
Ale,Two Beers Brewing Company,Seattle,WA,191,Persnickety Pale,560,0.057,36,American Pale Ale (APA),12
Ale,Two Beers Brewing Company,Seattle,WA,191,SoDo Brown Ale,519,0.054,20,American Brown Ale,12
Ale,Two Beers Brewing Company,Seattle,WA,191,Immersion Amber Ale (2011),518,0.052,27,American Amber / Red Ale,12
Ale,Snake River Brewing Company,Jackson,WY,192,Snow King Pale Ale,1606,0.06,55,American Pale Ale (APA),12
Ale,Snake River Brewing Company,Jackson,WY,192,OB-1 Organic Ale,407,0.05,22,English Brown Ale,12
Ale,Snake River Brewing Company,Jackson,WY,192,Snake River Pale Ale,402,0.052,32,American Pale Ale (APA),12
Ale,Capital Brewery,Middleton,WI,193,Dark Voyage Black IPA (2013),2227,0.065,80,American Black Ale,12
Ale,Goodlife Brewing Co.,Bend,OR,195,Mountain Rescue Pale Ale,2205,0.055,40,American Pale Ale (APA),12
Ale,Hop Valley Brewing Company,Springfield,OR,199,Double D Blonde,2195,0.049,20,American Blonde Ale,12
Ale,Hop Valley Brewing Company,Springfield,OR,199,Festeroo Winter Ale,1605,0.078,60,American Strong Ale,12
Ale,Hop Valley Brewing Company,Springfield,OR,199,Double D Blonde (2013),1390,0.049,20,American Blonde Ale,12
Ale,Hop Valley Brewing Company,Springfield,OR,199,Double D Blonde (2011),498,0.049,20,American Blonde Ale,12
Ale,Worthy Brewing Company,Bend,OR,200,Worthy Pale,1511,0.06,50,American Pale Ale (APA),12
Ale,Fearless Brewing Company,Estacada,OR,202,Loki Red Ale,2191,0.075,53,American Amber / Red Ale,16
Ale,Fearless Brewing Company,Estacada,OR,202,Loki Red Ale (2013),895,0.075,53,American Amber / Red Ale,16
Ale,Mehana Brewing Co.,Hilo,HI,204,Humpback Blonde Ale,2184,0.042,22,American Blonde Ale,12
Ale,Mehana Brewing Co.,Hilo,HI,204,Volcano Red Ale,2177,0.052,23,American Amber / Red Ale,12
Ale,Mehana Brewing Co.,Hilo,HI,204,Mauna Kea Pale Ale,2176,0.054,42,American Pale Ale (APA),12
Ale,Branchline Brewing Company,San Antonio,TX,208,Evil Owl,2167,0.052,40,American Amber / Red Ale,12
Ale,Modern Times Beer,San Diego,CA,210,Oneida,2156,0.052,50,American Pale Ale (APA),16
Ale,Modern Times Beer,San Diego,CA,210,Aurora,2154,0.067,75,American Amber / Red Ale,16
Ale,Modern Times Beer,San Diego,CA,210,Lomaland,1495,0.055,30,Saison / Farmhouse Ale,16
Ale,Modern Times Beer,San Diego,CA,210,Fortunate Islands,1494,0.047,46,American Pale Wheat Ale,16
Ale,Modern Times Beer,San Diego,CA,210,Blazing World,1492,0.065,115,American Amber / Red Ale,16
Ale,Grapevine Craft Brewery,Farmers Branch,TX,214,Monarch Classic American Wheat,2129,0.043,21,American Pale Wheat Ale,12
Ale,Grapevine Craft Brewery,Farmers Branch,TX,214,Sir William's English Brown Ale,2127,0.049,21,English Brown Ale,12
Ale,Grapevine Craft Brewery,Farmers Branch,TX,214,Lakefire Rye Pale Ale,2126,0.055,35,American Pale Ale (APA),12
Ale,Buffalo Bayou Brewing Company,Houston,TX,215,1836,2125,0.06,40,American Blonde Ale,12
Ale,Texian Brewing Co.,Richmond,TX,216,First Stand,2119,0.055,35,Saison / Farmhouse Ale,12
Ale,Texian Brewing Co.,Richmond,TX,216,Battle LIne,2118,0.063,23,American Brown Ale,12
Ale,Laughing Dog Brewing Company,Ponderay,ID,219,Laughing Dog Cream Ale,2108,0.05,12,Cream Ale,12
Ale,Big Choice Brewing,Broomfield,CO,221,Aprè Shred,2104,0.081,17,American Strong Ale,16
Ale,Big Choice Brewing,Broomfield,CO,221,Disconnected Red,1067,0.067,85,American Amber / Red Ale,16
Ale,Big Storm Brewing Company,Odessa,FL,222,Wavemaker,2095,0.058,38,American Amber / Red Ale,12
Ale,Carton Brewing Company,Atlantic Highlands,NJ,223,Epitome,2094,0.099,100,American Black Ale,16
Ale,Midnight Sun Brewing Company,Anchorage,AK,224,Kodiak Brown Ale,586,0.05,24,American Brown Ale,12
Ale,Fat Head's Brewery,Middleburg Heights,OH,225,Trail Head,2089,0.063,55,American Pale Ale (APA),12
Ale,Chatham Brewing,Chatham,NY,227,8 Barrel,2080,0.08,69,American Strong Ale,16
Ale,DC Brau Brewing Company,Washington,DC,228,The Tradition,1809,0.05,15,American Blonde Ale,12
Ale,Geneva Lake Brewing Company,Lake Geneva,WI,229,Boathouse Blonde,2076,0.049,15,American Blonde Ale,12
Ale,Geneva Lake Brewing Company,Lake Geneva,WI,229,Cedar Point,2075,0.05,26,American Amber / Red Ale,12
Ale,Cape Ann Brewing Company,Gloucester,MA,231,Imperial Pumpkin Stout,2068,0.099,43,Pumpkin Ale,16
Ale,Cape Ann Brewing Company,Gloucester,MA,231,Fisherman's Brew,2064,0.055,30,American Amber / Red Ale,12
Ale,Joseph James Brewing Company,Henderson,NV,234,Fox Tail Gluten Free Ale,469,0.05,50,American Pale Ale (APA),12
Ale,Harpoon Brewery,Boston,MA,235,UFO Pumpkin,1340,0.059,20,Pumpkin Ale,12
Ale,Harpoon Brewery,Boston,MA,235,UFO White,610,0.048,10,American Pale Wheat Ale,12
Ale,Devil's Backbone Brewing Company,Lexington,VA,238,Bravo Four Point,2051,0.044,45,American Pale Ale (APA),12
Ale,Devil's Backbone Brewing Company,Lexington,VA,238,Striped Bass Pale Ale,1201,0.052,26,American Pale Ale (APA),12
Ale,Newburgh Brewing Company,Newburgh,NY,239,Cream Ale,2050,0.042,35,Cream Ale,12
Ale,Golden Road Brewing,Los Angeles,CA,241,Saison Pamplemousse,1960,0.058,35,Saison / Farmhouse Ale,12
Ale,Golden Road Brewing,Los Angeles,CA,241,Get Up Offa That Brown,991,0.055,20,American Brown Ale,16
Ale,New Republic Brewing Company,College Station,TX,242,Kadigan,2042,0.056,30,American Blonde Ale,12
Ale,New Republic Brewing Company,College Station,TX,242,Dammit Jim!,2041,0.052,50,American Amber / Red Ale,12
Ale,Infamous Brewing Company,Austin,TX,243,Hijack,1774,0.055,20,Cream Ale,12
Ale,Lift Bridge Brewing Company,Stillwater,MN,245,Farm Girl Saison,1168,0.06,30,Saison / Farmhouse Ale,16
Ale,Lucky Town Brewing Company,Jackson,MS,246,Pub Ale,2033,0.038,18,English Dark Mild Ale,12
Ale,Lucky Town Brewing Company,Jackson,MS,246,Ballistic Blonde,2032,0.051,31,Belgian Pale Ale,12
Ale,Quest Brewing Company,Greenville,SC,247,Golden Fleece,2031,0.045,35,Belgian Pale Ale,12
Ale,Half Full Brewery,Stamford,CT,249,Half Full Bright Ale,1361,0.052,18,American Blonde Ale,12
Ale,Chapman's Brewing,Angola,IN,251,Pail Ale,2017,0.055,30,American Pale Ale (APA),16
Ale,Finch's Beer Company,Chicago,IL,257,Sobek & Set,1664,0.08,80,American Black Ale,16
Ale,Finch's Beer Company,Chicago,IL,257,Wet Hot American Wheat Ale,1662,0.05,22,American Pale Wheat Ale,16
Ale,Finch's Beer Company,Chicago,IL,257,Fascist Pig Ale,935,0.08,72,American Amber / Red Ale,16
Ale,Ozark Beer Company,Rogers,AR,260,Ozark American Pale Ale,1961,0.04,39,American Pale Ale (APA),12
Ale,Otter Creek Brewing,Waterbury,VT,262,Overgrown American Pale Ale,1946,0.055,55,American Pale Ale (APA),12
Ale,Tractor Brewing Company,Albuquerque,NM,266,Farmer's Tan Red Ale,1936,0.06,30,American Amber / Red Ale,12
Ale,Peak Organic Brewing Company,Portland,ME,267,Summer Session Ale,1930,0.05,61,American Pale Wheat Ale,12
Ale,Cape Cod Beer,Hyannis,MA,268,Cape Cod Red,1928,0.055,35,American Amber / Red Ale,16
Ale,Cape Cod Beer,Hyannis,MA,268,Beach Blonde,1927,0.049,10,American Blonde Ale,16
Ale,Long Trail Brewing Company,Bridgewater Corners,VT,269,Long Trail Ale,1924,0.046,30,American Amber / Red Ale,12
Ale,Great Raft Brewing Company,Shreveport,LA,270,Commotion APA,1923,0.052,49,American Pale Ale (APA),12
Ale,Alaskan Brewing Company,Juneau,AK,271,Freeride APA,1921,0.053,40,American Pale Ale (APA),12
Ale,Three Notch'd Brewing Company,Charlottesville,VA,274,Hydraulion Red,1913,0.053,22,Irish Red Ale,12
Ale,Montauk Brewing Company,Montauk,NY,277,Montauk Summer Ale,1907,0.056,28,American Blonde Ale,12
Ale,Indeed Brewing Company,Minneapolis,MN,278,Shenanigans Summer Ale,1115,0.046,27,American Pale Wheat Ale,12
Ale,Indeed Brewing Company,Minneapolis,MN,278,Midnight Ryder,729,0.065,80,American Black Ale,12
Ale,Indeed Brewing Company,Minneapolis,MN,278,Day Tripper Pale Ale,728,0.054,45,American Pale Ale (APA),12
Ale,Berkshire Brewing Company,South Deerfield,MA,279,Steel Rail Extra Pale Ale,1317,0.053,20,American Pale Ale (APA),12
Ale,Defiance Brewing Company,Hays,KS,284,Gutch English Style Mild Ale,1885,0.05,16,English Pale Mild Ale,12
Ale,Milwaukee Brewing Company,Milwaukee,WI,285,Louie's Demise Amber Ale,1272,0.051,24,American Amber / Red Ale,16
Ale,Milwaukee Brewing Company,Milwaukee,WI,285,Booyah Farmhouse Ale,932,0.065,20,Saison / Farmhouse Ale,16
Ale,Milwaukee Brewing Company,Milwaukee,WI,285,Louie’s Demise Immort-Ale (2010),171,0.051,24,American Amber / Red Ale,16
Ale,Catawba Island Brewing,Port Clinton,OH,286,Seiche Scottish Ale,1881,0.078,16,Scottish Ale,16
Ale,Back Forty Beer Company,Gadsden,AL,287,Naked Pig Pale Ale,1875,0.06,43,American Pale Ale (APA),12
Ale,Four Corners Brewing Company,Dallas,TX,288,Local Buzz,1872,0.052,20,American Blonde Ale,12
Ale,Saint Archer Brewery,San Diego,CA,289,Saint Archer Pale Ale,1865,0.052,40,American Pale Ale (APA),12
Ale,Baxter Brewing Company,Lewiston,ME,293,Amber Road,533,0.055,35,American Amber / Red Ale,12
Ale,Baxter Brewing Company,Lewiston,ME,293,Pamola Xtra Pale Ale,183,0.049,28,American Pale Ale (APA),12
Ale,Black Shirt Brewing Company,Denver,CO,295,American India Red Ale,1850,0.071,83,American Strong Ale,12
Ale,Black Shirt Brewing Company,Denver,CO,295,American Red Saison,1848,0.078,34,Saison / Farmhouse Ale,12
Ale,Black Shirt Brewing Company,Denver,CO,295,Colorado Red Ale,1847,0.066,44,American Amber / Red Ale,12
Ale,Wachusett Brewing Company,Westminster,MA,296,Country Pale Ale,1030,0.051,17,English Pale Ale,12
Ale,Wachusett Brewing Company,Westminster,MA,296,Pumpkan,908,0.052,20,Pumpkin Ale,12
Ale,Hop Farm Brewing Company,Pittsburgh,PA,298,Provision,1835,0.042,25,Saison / Farmhouse Ale,12
Ale,Hop Farm Brewing Company,Pittsburgh,PA,298,One Nut Brown,1834,0.047,28,American Brown Ale,12
Ale,Liquid Hero Brewery,York,PA,299,American Hero,1688,0.057,42,American Amber / Red Ale,12
Ale,Matt Brewing Company,Utica,NY,300,Blueberry Blonde Ale,773,0.05,12,American Blonde Ale,12
Ale,Boston Beer Company,Boston,MA,301,Samuel Adams Summer Ale,1144,0.053,7,American Pale Wheat Ale,12
Ale,Old Forge Brewing Company,Danville,PA,302,Falling Down Brown Ale,1487,0.065,65,American Brown Ale,16
Ale,Old Forge Brewing Company,Danville,PA,302,Old Forge Pumpkin Ale,1394,0.046,20,Pumpkin Ale,16
Ale,Payette Brewing Company,Garden City,ID,308,Rodeo Rye Pale Ale,1805,0.042,35,American Pale Ale (APA),12
Ale,Payette Brewing Company,Garden City,ID,308,Payette Pale Ale,890,0.048,35,American Pale Ale (APA),12
Ale,Payette Brewing Company,Garden City,ID,308,Mutton Buster,775,0.055,25,American Brown Ale,12
Ale,Brew Bus Brewing,Tampa,FL,309,Rollin Dirty Red Ale,1800,0.05,21,Irish Red Ale,12
Ale,Brew Bus Brewing,Tampa,FL,309,Are Wheat There Yet?,1799,0.055,28,American Pale Wheat Ale,12
Ale,Sockeye Brewing Company,Boise,ID,310,Hell-Diver Pale Ale,1151,0.052,32,American Pale Ale (APA),12
Ale,Sockeye Brewing Company,Boise,ID,310,Woolybugger Wheat,1150,0.046,12,American Pale Wheat Ale,12
Ale,Sockeye Brewing Company,Boise,ID,310,Winterfest,995,0.084,90,American Strong Ale,16
Ale,Jackalope Brewing Company,Nashville,TN,313,Thunder Ann,1793,0.055,37,American Pale Ale (APA),12
Ale,Slanted Rock Brewing Company,Meridian,ID,314,Iron Butt Red Ale,1792,0.058,39,American Amber / Red Ale,12
Ale,Piney River Brewing Company,Bucryus,MO,315,Float Trip Ale,1335,0.045,18,American Blonde Ale,16
Ale,Piney River Brewing Company,Bucryus,MO,315,Black Walnut Wheat,846,0.045,18,American Dark Wheat Ale,16
Ale,Piney River Brewing Company,Bucryus,MO,315,McKinney Eddy Amber Ale,521,0.055,20,American Amber / Red Ale,16
Ale,Banner Beer Company,Williamsburg,MA,319,Banner American Ale,1643,0.035,45,American Amber / Red Ale,12
Ale,Rivertown Brewing Company,Lockland,OH,322,Hop Bomber Rye Pale Ale,1654,0.055,60,American Pale Ale (APA),16
Ale,Voodoo Brewery,Meadville,PA,323,Wynona's Big Brown Ale,1730,0.075,31,American Brown Ale,12
Ale,Voodoo Brewery,Meadville,PA,323,Gran Met,1729,0.092,25,Belgian Strong Pale Ale,12
Ale,Pisgah Brewing Company,Black Mountain,NC,325,Pisgah Pale Ale,1759,0.057,31,American Pale Ale (APA),12
Ale,Morgan Street Brewery,Saint Louis,MO,327,Honey Wheat,1052,0.047,14,American Pale Wheat Ale,12
Ale,The Bronx Brewery,Bronx,NY,330,Bronx Summer Pale Ale,1748,0.052,16,American Pale Ale (APA),16
Ale,The Bronx Brewery,Bronx,NY,330,Bronx Black Pale Ale,1747,0.057,46,American Black Ale,16
Ale,The Bronx Brewery,Bronx,NY,330,Bronx Pale Ale,1037,0.063,50,American Pale Ale (APA),16
Ale,Dead Armadillo Craft Brewing,Tulsa,OK,331,Dead Armadillo Amber Ale,1746,0.063,37,American Amber / Red Ale,12
Ale,Fargo Brewing Company,Fargo,ND,336,Iron Horse Pale Ale,1722,0.05,32,American Pale Ale (APA),12
Ale,Fargo Brewing Company,Fargo,ND,336,Stone's Throw IPA,1435,0.045,19,Scottish Ale,12
Ale,Big Sky Brewing Company,Missoula,MT,337,Scape Goat Pale Ale,1713,0.05,40,English Pale Ale,12
Ale,Big Sky Brewing Company,Missoula,MT,337,Montana Trout Slayer Ale,1712,0.05,35,American Pale Wheat Ale,12
Ale,Big Sky Brewing Company,Missoula,MT,337,Moose Drool Brown Ale,1711,0.051,26,American Brown Ale,12
Ale,Big Sky Brewing Company,Missoula,MT,337,Powder Hound Winter Ale,1456,0.072,60,English Strong Ale,12
Ale,Big Sky Brewing Company,Missoula,MT,337,Moose Drool Brown Ale (2011),767,0.051,26,American Brown Ale,12
Ale,Big Sky Brewing Company,Missoula,MT,337,Montana Trout Slayer Ale (2012),766,0.05,35,American Pale Wheat Ale,12
Ale,Big Sky Brewing Company,Missoula,MT,337,Scape Goat Pale Ale (2010),159,0.05,40,English Pale Ale,12
Ale,Big Sky Brewing Company,Missoula,MT,337,Montana Trout Slayer Ale (2009),35,0.05,35,American Pale Wheat Ale,12
Ale,Big Sky Brewing Company,Missoula,MT,337,Moose Drool Brown Ale (2009),34,0.051,26,American Brown Ale,12
Ale,Nebraska Brewing Company,Papillion,NE,338,Wick For Brains,1705,0.061,11,Pumpkin Ale,12
Ale,Nebraska Brewing Company,Papillion,NE,338,Brunette Nut Brown Ale,1146,0.048,15,English Brown Ale,12
Ale,Nebraska Brewing Company,Papillion,NE,338,Cardinal Pale Ale,1145,0.057,29,American Pale Ale (APA),12
Ale,Hardywood Park Craft Brewery,Richmond,VA,344,Hardywood Cream Ale,1331,0.044,18,Cream Ale,12
Ale,Hardywood Park Craft Brewery,Richmond,VA,344,Capital Trail Pale Ale,1270,0.056,55,American Pale Ale (APA),12
Ale,Manzanita Brewing Company,Santee,CA,347,Riverwalk Blonde Ale,1672,0.06,25,American Blonde Ale,12
Ale,Manzanita Brewing Company,Santee,CA,347,Gillespie Brown Ale,1671,0.095,49,American Brown Ale,12
Ale,Manzanita Brewing Company,Santee,CA,347,Manzanita Pale Ale,1670,0.066,44,American Pale Ale (APA),12
Ale,Central Coast Brewing Company,San Luis Obispo,CA,351,Catch 23,1646,0.075,77,American Black Ale,16
Ale,Manayunk Brewing Company,Philadelphia,PA,357,Belgian Style Session Ale,1625,0.045,21,Belgian Pale Ale,12
Ale,Manayunk Brewing Company,Philadelphia,PA,357,Summer Paradise,1484,0.05,18,American Pale Wheat Ale,12
Ale,NoDa Brewing Company,Charlotte,NC,360,Jam Session,1622,0.051,31,American Pale Ale (APA),16
Ale,Aviator Brewing Company,Fuquay-Varina,NC,361,Pumpkin Beast,1620,0.062,17,Pumpkin Ale,12
Ale,Aviator Brewing Company,Fuquay-Varina,NC,361,Mad Beach,1228,0.048,23,American Pale Wheat Ale,12
Ale,Aviator Brewing Company,Fuquay-Varina,NC,361,Hot Rod Red,702,0.061,41,American Amber / Red Ale,12
Ale,Wild Onion Brewing Company,Lake Barrington,IL,362,Phat Chance,971,0.052,27,American Blonde Ale,12
Ale,Wild Onion Brewing Company,Lake Barrington,IL,362,Paddy Pale Ale,162,0.056,41,American Pale Ale (APA),12
Ale,Hilliard's Beer,Seattle,WA,363,The 12th Can™,1615,0.045,32,American Pale Ale (APA),16
Ale,Hilliard's Beer,Seattle,WA,363,Hilliard's Blonde,724,0.049,20,American Blonde Ale,16
Ale,Hilliard's Beer,Seattle,WA,363,Hilliard's Amber Ale,497,0.055,60,American Amber / Red Ale,16
Ale,Hilliard's Beer,Seattle,WA,363,Hilliard's Saison,496,0.066,30,Saison / Farmhouse Ale,16
Ale,Great River Brewery,Davenport,IA,366,Barrel Aged Farmer,1574,0.07,22,American Brown Ale,16
Ale,Great River Brewery,Davenport,IA,366,Owney Irish Style Red Ale,1064,0.05,30,Irish Red Ale,16
Ale,Great River Brewery,Davenport,IA,366,Roller Dam Red Ale,864,0.054,30,Irish Red Ale,16
Ale,Great River Brewery,Davenport,IA,366,483 Pale Ale,863,0.053,48,American Pale Ale (APA),16
Ale,Great River Brewery,Davenport,IA,366,Farmer Brown Ale,655,0.07,22,American Brown Ale,16
Ale,Great River Brewery,Davenport,IA,366,40th Annual Bix Street Fest Copper Ale (Current),517,0.048,25,American Amber / Red Ale,16
Ale,Great River Brewery,Davenport,IA,366,483 Pale Ale (2010),190,0.053,48,American Pale Ale (APA),16
Ale,Great River Brewery,Davenport,IA,366,Roller Dam Red Ale (2010),189,0.054,30,Irish Red Ale,16
Ale,Mustang Brewing Company,Mustang,OK,367,Mustang Golden Ale,421,0.053,10,American Blonde Ale,12
Ale,Mustang Brewing Company,Mustang,OK,367,Washita Wheat,420,0.053,14,American Pale Wheat Ale,12
Ale,Airways Brewing Company,Kent,WA,368,Oatmeal PSA,1162,0.05,35,American Pale Ale (APA),16
Ale,21st Amendment Brewery,San Francisco,CA,369,Bitter American,876,0.044,42,American Pale Ale (APA),12
Ale,21st Amendment Brewery,San Francisco,CA,369,Special Edition: Allies Win The War!,531,0.085,52,English Strong Ale,12
Ale,21st Amendment Brewery,San Francisco,CA,369,Bitter American (2011),353,0.044,42,American Pale Ale (APA),12
Ale,21st Amendment Brewery,San Francisco,CA,369,Back in Black,173,0.068,65,American Black Ale,12
Ale,21st Amendment Brewery,San Francisco,CA,369,Monk's Blood,11,0.083,35,Belgian Dark Ale,12
Ale,Sly Fox Brewing Company,Pottstown,PA,372,Phoenix Pale Ale,20,0.051,40,American Pale Ale (APA),12
Ale,Astoria Brewing Company,Astoria,OR,375,Old Red Beard Amber Ale,978,0.06,35,American Amber / Red Ale,12
Ale,Maui Brewing Company,Lahaina,HI,376,Lahaina Town Brown,1578,0.051,20,American Brown Ale,12
Ale,Maui Brewing Company,Lahaina,HI,376,Sobrehumano Palena'ole,690,0.06,24,American Amber / Red Ale,12
Ale,Maui Brewing Company,Lahaina,HI,376,Mana Wheat,313,0.055,15,American Pale Wheat Ale,12
Ale,RoughTail Brewing Company,Midwest City,OK,377,12th Round,1577,0.076,78,American Strong Ale,16
Ale,Grey Sail Brewing of Rhode Island,Westerly,RI,380,Flying Jenny Extra Pale Ale,1505,0.06,54,American Pale Ale (APA),12
Ale,Grey Sail Brewing of Rhode Island,Westerly,RI,380,Flying Jenny Extra Pale Ale (2012),693,0.06,54,American Pale Ale (APA),12
Ale,Grey Sail Brewing of Rhode Island,Westerly,RI,380,Flagship Ale,631,0.049,22,Cream Ale,12
Ale,Blue Blood Brewing Company,Lincoln,NE,381,834 Happy As Ale,611,0.046,35,American Pale Ale (APA),12
Ale,Blue Mountain Brewery,Afton,VA,383,Full Nelson Pale Ale,1547,0.059,60,American Pale Ale (APA),12
Ale,Blue Mountain Brewery,Afton,VA,383,Full Nelson Pale Ale (2010),119,0.059,60,American Pale Ale (APA),12
Ale,Oskar Blues Brewery (North Carol...,Brevard,NC,390,Old Chub,1175,0.08,35,Scottish Ale,12
Ale,Oskar Blues Brewery (North Carol...,Brevard,NC,390,Dale's Pale Ale,1166,0.065,65,American Pale Ale (APA),19.2
Ale,Oskar Blues Brewery (North Carol...,Brevard,NC,390,Dale's Pale Ale,1065,0.065,65,American Pale Ale (APA),12
Ale,Breckenridge Brewery,Denver,CO,392,Agave Wheat,1522,0.042,9,American Pale Wheat Ale,12
Ale,Breckenridge Brewery,Denver,CO,392,SummerBright Ale,397,0.045,15,American Pale Wheat Ale,12
Ale,Breckenridge Brewery,Denver,CO,392,Avalanche Ale,83,0.054,19,American Amber / Red Ale,12
Ale,Santa Fe Brewing Company,Santa Fe,NM,393,Saison 88,1519,0.055,30,Saison / Farmhouse Ale,12
Ale,Santa Fe Brewing Company,Santa Fe,NM,393,Black IPA,967,0.071,95,American Black Ale,12
Ale,Miami Brewing Company,Miami,FL,394,Gator Tail Brown Ale,1507,0.053,30,American Brown Ale,12
Ale,Miami Brewing Company,Miami,FL,394,Big Rod Coconut Ale,1325,0.053,16,American Blonde Ale,12
Ale,Hops & Grain Brewery,Austin,TX,396,Pale Dog,501,0.06,50,American Pale Ale (APA),12
Ale,Ruhstaller Beer Company,Sacramento,CA,398,1881 California Red,1479,0.056,35,American Amber / Red Ale,12
Ale,Ruhstaller Beer Company,Sacramento,CA,398,CAPT Black IPA,1478,0.073,55,American Black Ale,12
Ale,Ruhstaller Beer Company,Sacramento,CA,398,CAPT Black IPA,883,0.073,55,American Black Ale,16
Ale,Ruhstaller Beer Company,Sacramento,CA,398,1881 California Red Ale,882,0.056,35,American Amber / Red Ale,16
Ale,Saugatuck Brewing Company,Douglas,MI,399,Oval Beach Blonde Ale,1477,0.05,11,American Blonde Ale,16
Ale,Fate Brewing Company,Boulder,CO,406,Parcae Belgian Style Pale Ale,1454,0.05,20,Belgian Pale Ale,16
Ale,Coastal Empire Beer Company,Savannah,GA,416,Tybee Island Blonde,1407,0.047,17,American Blonde Ale,12
Ale,Coastal Empire Beer Company,Savannah,GA,416,Savannah Brown Ale,1406,0.062,55,American Brown Ale,12
Ale,Boulder Beer Company,Boulder,CO,418,Hazed & Infused,1395,0.049,35,American Pale Ale (APA),12
Ale,Boulder Beer Company,Boulder,CO,418,Hoopla Pale Ale,808,0.057,35,American Pale Ale (APA),12
Ale,Boulder Beer Company,Boulder,CO,418,Hazed & Infused (2010),81,0.049,35,American Pale Ale (APA),12
Ale,Coalition Brewing Company,Portland,OR,419,Cascadian Dark Ale,1393,0.06,75,American Black Ale,12
Ale,Coalition Brewing Company,Portland,OR,419,Wheat the People,893,0.044,13,American Pale Wheat Ale,16
Ale,Sanitas Brewing Company,Boulder,CO,420,Sanitas Saison Ale,1392,0.058,20,Saison / Farmhouse Ale,12
Ale,Sanitas Brewing Company,Boulder,CO,420,Sanitas Black IPA,1391,0.068,65,American Black Ale,12
Ale,Hess Brewing Company,San Diego,CA,424,Grazias,1351,0.063,30,Cream Ale,16
Ale,Wynkoop Brewing Company,Denver,CO,425,Silverback Pale Ale,145,0.055,40,American Pale Ale (APA),12
Ale,Armadillo Ale Works,Denton,TX,427,Greenbelt Farmhouse Ale,1332,0.051,20,Saison / Farmhouse Ale,12
Ale,Schlafly Brewing Company,Saint Louis,MO,429,Schlafly Yakima Wheat Ale,1324,0.05,45,American Pale Wheat Ale,12
Ale,Schlafly Brewing Company,Saint Louis,MO,429,Schlafly American Brown Ale,1077,0.05,30,American Brown Ale,12
Ale,French Broad Brewery,Asheville,NC,434,Wee-Heavy-Er Scotch Ale,1260,0.07,24,Scotch Ale / Wee Heavy,12
Ale,Pateros Creek Brewing Company,Fort Collins,CO,442,Rustic Red,1268,0.052,23,Irish Red Ale,16
Ale,Pateros Creek Brewing Company,Fort Collins,CO,442,Stimulator Pale Ale,697,0.053,48,American Pale Ale (APA),16
Ale,Big Wood Brewery,Vadnais Heights,MN,445,Jack Pine Savage,1257,0.053,43,American Pale Ale (APA),16
Ale,Swamp Head Brewery,Gainesville,FL,448,Stump Knocker Pale Ale,1240,0.056,35,American Pale Ale (APA),12
Ale,Swamp Head Brewery,Gainesville,FL,448,Wild Night,1238,0.059,18,Cream Ale,12
Ale,Mavericks Beer Company,Half Moon Bay,CA,449,Back in the Saddle Rye Pale Ale,1047,0.037,53,American Pale Ale (APA),12
Ale,TailGate Beer,San Diego,CA,450,Blacktop Blonde,622,0.05,19,American Blonde Ale,24
Ale,TailGate Beer,San Diego,CA,450,Blacktop Blonde,362,0.05,19,American Blonde Ale,12
Ale,Northwest Brewing Company,Pacific,WA,451,Three Skulls Ale Pale Ale,1226,0.063,42,American Pale Ale (APA),16
Ale,Denali Brewing Company,Talkeetna,AK,454,Mother Ale,1159,0.056,46,American Blonde Ale,12
Ale,Denali Brewing Company,Talkeetna,AK,454,Single Engine Red,929,0.058,46,Irish Red Ale,12
Ale,Deschutes Brewery,Bend,OR,455,Mirror Pond Pale Ale,1210,0.05,40,American Pale Ale (APA),12
Ale,The Black Tooth Brewing Company,Sheridan,WY,458,Bomber Mountain Amber Ale (2013),1200,0.046,20,American Amber / Red Ale,12
Ale,The Black Tooth Brewing Company,Sheridan,WY,458,Saddle Bronc Brown Ale (2013),1198,0.048,16,English Brown Ale,12
Ale,The Black Tooth Brewing Company,Sheridan,WY,458,Wagon Box Wheat Beer,1197,0.059,15,American Pale Wheat Ale,12
Ale,Kenai River Brewing Company,Soldotna,AK,459,Peninsula Brewers Reserve (PBR),1187,0.05,15,American Blonde Ale,12
Ale,Fremont Brewing Company,Seattle,WA,461,Harvest Ale,901,0.065,35,Saison / Farmhouse Ale,12
Ale,Fremont Brewing Company,Seattle,WA,461,Fremont Summer Ale,875,0.065,45,American Pale Ale (APA),12
Ale,Fremont Brewing Company,Seattle,WA,461,Universale Pale Ale,858,0.056,30,American Pale Ale (APA),12
Ale,Good Life Brewing Company,Bend,OR,465,Sweet As Pacific Ale,1108,0.06,18,American Pale Wheat Ale,12
Ale,Green Room Brewing,Jacksonville,FL,467,Pablo Beach Pale Ale,1106,0.05,30,American Pale Ale (APA),12
Ale,Terrapin Brewing Company,Athens,GA,470,RecreationAle,1082,0.047,42,American Pale Ale (APA),12
Ale,Okoboji Brewing Company,Spirit Lake,IA,472,The Hole in Hadrian's Wall,1059,0.095,19,Scottish Ale,16
Ale,Okoboji Brewing Company,Spirit Lake,IA,472,33 Select Brown Ale,1058,0.065,26,American Brown Ale,16
Ale,Okoboji Brewing Company,Spirit Lake,IA,472,Midwest Charm Farmhouse Ale,603,0.06,29,Saison / Farmhouse Ale,16
Ale,Okoboji Brewing Company,Spirit Lake,IA,472,Boji Blue Pale Ale,602,0.05,45,American Pale Ale (APA),16
Ale,Crystal Springs Brewing Company,Boulder,CO,473,South Ridge Amber Ale,1057,0.06,31,American Amber / Red Ale,16
Ale,Red Hare Brewing Company,Marietta,GA,476,Watership Brown Ale,1021,0.072,55,American Brown Ale,12
Ale,Good People Brewing Company,Birmingham,AL,479,Good People Pale Ale,1000,0.056,36,American Pale Ale (APA),12
Ale,Good People Brewing Company,Birmingham,AL,479,Good People American Brown Ale,308,0.058,36,American Brown Ale,12
Ale,7 Seas Brewing Company,Gig Harbor,WA,482,British Pale Ale (2010),866,0.054,30,English Pale Ale,16
Ale,7 Seas Brewing Company,Gig Harbor,WA,482,British Pale Ale,48,0.054,30,English Pale Ale,16
Ale,Confluence Brewing Company,Des Moines,IA,483,Farmer John's Multi-Grain Ale,968,0.056,21,American Blonde Ale,16
Ale,Bale Breaker Brewing Company,Yakima,WA,484,Field 41 Pale Ale,965,0.044,38,American Pale Ale (APA),12
Ale,MacTarnahans Brewing Company,Portland,OR,486,Mac's Scottish Style Amber Ale (2000),961,0.051,32,American Amber / Red Ale,12
Ale,Stillmank Beer Company,Green Bay,WI,487,Wisco Disco,953,0.051,31,American Amber / Red Ale,16
Ale,Redhook Brewery,Woodinville,WA,488,Copper Hook (2011),339,0.058,27,American Amber / Red Ale,12
Ale,Blue Point Brewing Company,Patchogue,NY,490,Blue Point Summer Ale,667,0.044,16,American Blonde Ale,12
Ale,Devil's Canyon Brewery,Belmont,CA,492,Deadicated Amber,924,0.054,27,American Amber / Red Ale,16
Ale,Devil's Canyon Brewery,Belmont,CA,492,Full Boar Scotch Ale,647,0.074,12,Scotch Ale / Wee Heavy,16
Ale,Broken Tooth Brewing Company,Anchorage,AK,494,Northern Lights Amber Ale,921,0.05,15,American Amber / Red Ale,12
Ale,Broken Tooth Brewing Company,Anchorage,AK,494,Polar Pale Ale,920,0.052,17,American Pale Ale (APA),12
Ale,Dry Dock Brewing Company,Aurora,CO,497,Dry Dock Amber Ale,871,0.058,49,American Amber / Red Ale,12
Ale,High Noon Saloon And Brewery,Leavenworth,KS,501,Tonganoxie Honey Wheat,824,0.044,22,American Pale Wheat Ale,12
Ale,Oskar Blues Brewery,Lyons,CO,504,Old Chub (2008),787,0.08,35,Scottish Ale,12
Ale,Oskar Blues Brewery,Lyons,CO,504,Old Chub (2004),786,0.08,35,Scottish Ale,12
Ale,Oskar Blues Brewery,Lyons,CO,504,Old Chub (2003),785,0.08,35,Scottish Ale,12
Ale,Oskar Blues Brewery,Lyons,CO,504,Dale's Pale Ale (2008),745,0.065,65,American Pale Ale (APA),12
Ale,Oskar Blues Brewery,Lyons,CO,504,Dale's Pale Ale (2006),744,0.065,65,American Pale Ale (APA),12
Ale,Oskar Blues Brewery,Lyons,CO,504,Dale's Pale Ale (2004),743,0.065,65,American Pale Ale (APA),12
Ale,Oskar Blues Brewery,Lyons,CO,504,Dale's Pale Ale (2003),742,0.065,65,American Pale Ale (APA),12
Ale,Oskar Blues Brewery,Lyons,CO,504,Dale's Pale Ale (2002),741,0.065,65,American Pale Ale (APA),12
Ale,Krebs Brewing Company (Pete's Pl...,Krebs,OK,506,Choc Beer (2003),781,0.04,9,American Dark Wheat Ale,12
Ale,Kettle House Brewing Company,Missoula,MT,511,Cold Smoke Scotch Ale (2007),760,0.065,11,Scotch Ale / Wee Heavy,16
Ale,Kettle House Brewing Company,Missoula,MT,511,Eddy Out Pale Ale,87,0.055,50,American Pale Ale (APA),16
Ale,Kettle House Brewing Company,Missoula,MT,511,Cold Smoke Scotch Ale,85,0.065,11,Scotch Ale / Wee Heavy,16
Ale,Crabtree Brewing Company,Greeley,CO,516,Eclipse Black IPA,556,0.077,71,American Black Ale,16
Ale,Butcher's Brewing,Carlsbad,CA,518,Mucho Aloha Hawaiian Pale Ale,668,0.056,36,American Pale Ale (APA),12
Ale,Aspen Brewing Company,Aspen,CO,524,This Season's Blonde,597,0.056,27,American Blonde Ale,12
Ale,Intuition Ale Works,Jacksonville,FL,528,Jon Boat Coastal Ale,559,0.045,20,American Blonde Ale,12
Ale,Intuition Ale Works,Jacksonville,FL,528,People's Pale Ale,553,0.053,28,American Pale Ale (APA),12
Ale,Buckbean Brewing Company,Reno,NV,531,Black Adder IBA (Current),383,0.073,85,American Black Ale,16
Ale,Buckbean Brewing Company,Reno,NV,531,Tule Duck Red Ale (Current),28,0.062,42,American Amber / Red Ale,16
Ale,Dundee Brewing Company,Rochester,NY,539,Dundee Summer Wheat Beer,457,0.045,18,American Pale Wheat Ale,12
Ale,Twin Lakes Brewing Company,Greenville,DE,540,Greenville Pale Ale,433,0.055,52,American Pale Ale (APA),12
Ale,Arcadia Brewing Company,Battle Creek,MI,542,Sky High Rye,413,0.06,55,American Pale Ale (APA),12
Ale,Arcadia Brewing Company,Battle Creek,MI,542,Whitsun,390,0.062,17,American Pale Wheat Ale,12
Ale,Upstate Brewing Company,Elmira,NY,547,Common Sense Kentucky Common Ale,382,0.053,22,American Brown Ale,16
