Style,City,State
American IPA,Minneapolis,MN
Milk / Sweet Stout,Minneapolis,MN
English Brown Ale,Minneapolis,MN
Pumpkin Ale,Minneapolis,MN
American Porter,Minneapolis,MN
Extra Special / Strong Bitter (ESB),Minneapolis,MN
American Double / Imperial IPA,Louisville,KY
English Barleywine,Louisville,KY
Milk / Sweet Stout,Louisville,KY
American Pale Ale (APA),Louisville,KY
German Pilsener,Louisville,KY
Pumpkin Ale,Louisville,KY
Belgian Pale Ale,Louisville,KY
American Pilsner,Louisville,KY
American Double / Imperial IPA,Louisville,KY
Saison / Farmhouse Ale,Louisville,KY
American IPA,Louisville,KY
English Brown Ale,Louisville,KY
Keller Bier / Zwickel Bier,Framingham,MA
American Pale Lager,Framingham,MA
American India Pale Lager,Framingham,MA
American India Pale Lager,Framingham,MA
American India Pale Lager,Framingham,MA
American Double / Imperial IPA,San Diego,CA
American IPA,San Diego,CA
Wheat Ale,San Diego,CA
American Double / Imperial IPA,San Diego,CA
Cream Ale,San Diego,CA
Kölsch,San Diego,CA
American Pale Wheat Ale,San Francisco,CA
American Amber / Red Ale,San Francisco,CA
Kölsch,San Francisco,CA
American IPA,San Francisco,CA
Russian Imperial Stout,Denver,CO
American Porter,Bridgman,MI
American Stout,Holland,MI
American Pale Lager,Petoskey,MI
American Amber / Red Ale,Petoskey,MI
Dubbel,Petoskey,MI
American IPA,Petoskey,MI
American IPA,Marquette,MI
Foreign / Export Stout,Marquette,MI
American IPA,Marquette,MI
American Brown Ale,Comstock Park,MI
American Blonde Ale,Comstock Park,MI
American IPA,Comstock Park,MI
American Pale Ale (APA),Comstock Park,MI
American IPA,Comstock Park,MI
American IPA,South Lyon,MI
Scotch Ale / Wee Heavy,Grand Rapids,MI
American IPA,Grand Rapids,MI
American IPA,Grand Rapids,MI
American Blonde Ale,Indianapolis,IN
American IPA,Indianapolis,IN
American Porter,Evansville,IN
Fruit / Vegetable Beer,Evansville,IN
Russian Imperial Stout,Evansville,IN
American Double / Imperial IPA,Evansville,IN
American IPA,Evansville,IN
Irish Red Ale,Evansville,IN
American Porter,Evansville,IN
Czech Pilsener,Evansville,IN
Rye Beer,Indianapolis,IN
American IPA,Granger,IN
American Pale Wheat Ale,Martinsville,IN
Oatmeal Stout,Martinsville,IN
American Pale Ale (APA),Martinsville,IN
California Common / Steam Beer,Martinsville,IN
American IPA,Valparaiso,IN
American Pale Ale (APA),Indianapolis,IN
American Pale Ale (APA),Michigan City,IN
American Double / Imperial IPA,Michigan City,IN
American Pale Wheat Ale,Michigan City,IN
American IPA,Michigan City,IN
American Pale Ale (APA),Michigan City,IN
Altbier,Indianapolis,IN
American Porter,Indianapolis,IN
Belgian Pale Ale,Indianapolis,IN
Scotch Ale / Wee Heavy,Indianapolis,IN
Belgian Dark Ale,Indianapolis,IN
Scotch Ale / Wee Heavy,Indianapolis,IN
Scotch Ale / Wee Heavy,Indianapolis,IN
American IPA,Indianapolis,IN
American IPA,Indianapolis,IN
American IPA,Indianapolis,IN
American IPA,Indianapolis,IN
Scotch Ale / Wee Heavy,Indianapolis,IN
Extra Special / Strong Bitter (ESB),Indianapolis,IN
American IPA,Indianapolis,IN
American Pale Ale (APA),Indianapolis,IN
Russian Imperial Stout,Indianapolis,IN
Flanders Oud Bruin,Indianapolis,IN
Irish Dry Stout,Indianapolis,IN
Scottish Ale,Indianapolis,IN
English Barleywine,Indianapolis,IN
Quadrupel (Quad),Indianapolis,IN
Märzen / Oktoberfest,Indianapolis,IN
Dortmunder / Export Lager,Indianapolis,IN
Dortmunder / Export Lager,Indianapolis,IN
American Double / Imperial IPA,Indianapolis,IN
Scotch Ale / Wee Heavy,Indianapolis,IN
American IPA,Indianapolis,IN
Märzen / Oktoberfest,Indianapolis,IN
English Barleywine,Indianapolis,IN
Scottish Ale,Indianapolis,IN
Cream Ale,Indianapolis,IN
American Pale Ale (APA),Indianapolis,IN
American Blonde Ale,Mishawaka,IN
Belgian IPA,Mishawaka,IN
Czech Pilsener,Mishawaka,IN
American IPA,Columbus,IN
American IPA,Columbus,IN
English Strong Ale,Columbus,IN
Kölsch,Columbus,IN
Belgian Dark Ale,Columbus,IN
Dubbel,Bargersville,IN
American Double / Imperial IPA,Seven Points,TX
American IPA,Seven Points,TX
Smoked Beer,Seven Points,TX
American Pale Ale (APA),Seven Points,TX
Cream Ale,Seven Points,TX
American Porter,Chandler,AZ
Winter Warmer,Chandler,AZ
American Double / Imperial IPA,Chandler,AZ
American Blonde Ale,Chandler,AZ
American Amber / Red Ale,Chandler,AZ
Hefeweizen,Chandler,AZ
American IPA,Chandler,AZ
American Porter,Chandler,AZ
American Pale Ale (APA),Chandler,AZ
Fruit / Vegetable Beer,Chandler,AZ
American Pale Ale (APA),Chandler,AZ
American IPA,Chandler,AZ
Hefeweizen,Chandler,AZ
American Pale Ale (APA),Chandler,AZ
American Amber / Red Ale,Chandler,AZ
American IPA,Kansas City,MO
American Pale Ale (APA),Torrance,CA
English Brown Ale,Torrance,CA
American Double / Imperial IPA,Torrance,CA
American IPA,San Diego,CA
Kölsch,San Diego,CA
American IPA,San Diego,CA
American IPA,San Diego,CA
Czech Pilsener,Buellton,CA
Kölsch,Buellton,CA
German Pilsener,Boulder,CO
Witbier,Boulder,CO
American IPA,Boulder,CO
American Brown Ale,Boulder,CO
American Amber / Red Lager,Dripping Springs,TX
American IPA,Dripping Springs,TX
American Adjunct Lager,Dripping Springs,TX
American Porter,Kalamazoo,MI
American IPA,Murphysboro,IL
Gose,East Fairfield,VT
German Pilsener,East Fairfield,VT
American IPA,Export,PA
American Pale Ale (APA),Chicago,IL
Herbed / Spiced Beer,Chicago,IL
Herbed / Spiced Beer,Chicago,IL
Märzen / Oktoberfest,Chicago,IL
American Porter,Chicago,IL
American IPA,Chicago,IL
Witbier,Chicago,IL
Tripel,Manhattan,KS
Saison / Farmhouse Ale,Manhattan,KS
American Porter,Manhattan,KS
Saison / Farmhouse Ale,Manhattan,KS
Oatmeal Stout,Manhattan,KS
American IPA,Manhattan,KS
American Brown Ale,Manhattan,KS
Extra Special / Strong Bitter (ESB),Manhattan,KS
Milk / Sweet Stout,Manhattan,KS
American Pale Wheat Ale,Manhattan,KS
American Pale Wheat Ale,Manhattan,KS
German Pilsener,Manhattan,KS
American Double / Imperial IPA,Manhattan,KS
American Brown Ale,Manhattan,KS
Milk / Sweet Stout,Manhattan,KS
American IPA,Manhattan,KS
Baltic Porter,Brooklyn,NY
Gose,Brooklyn,NY
Fruit / Vegetable Beer,Brooklyn,NY
American IPA,Brooklyn,NY
American Pale Ale (APA),Brooklyn,NY
American Double / Imperial IPA,Brooklyn,NY
American Strong Ale,Brooklyn,NY
American IPA,Brooklyn,NY
German Pilsener,Brooklyn,NY
Cream Ale,Brooklyn,NY
Rye Beer,Brooklyn,NY
American IPA,Brooklyn,NY
Baltic Porter,Brooklyn,NY
American Brown Ale,Brooklyn,NY
American Pale Wheat Ale,Brooklyn,NY
Saison / Farmhouse Ale,Brooklyn,NY
American Double / Imperial IPA,Brooklyn,NY
American Stout,Brooklyn,NY
Pumpkin Ale,Brooklyn,NY
German Pilsener,Brooklyn,NY
Cream Ale,Brooklyn,NY
Rye Beer,Brooklyn,NY
American IPA,Brooklyn,NY
American IPA,Paso Robles,CA
American IPA,Paso Robles,CA
American Blonde Ale,Paso Robles,CA
German Pilsener,Atlanta,GA
American IPA,Troutville,VA
American Wild Ale,Boulder,CO
American Double / Imperial Stout,Boulder,CO
American White IPA,Boulder,CO
American Wild Ale,Boulder,CO
American Double / Imperial IPA,Boulder,CO
Belgian Pale Ale,Boulder,CO
Vienna Lager,Boulder,CO
Vienna Lager,Boulder,CO
English India Pale Ale (IPA),Roseville,MN
American Blonde Ale,Roseville,MN
American Pale Ale (APA),Lemont,IL
Hefeweizen,Bloomington,IL
Abbey Single Ale,Bloomington,IL
American IPA,Bloomington,IL
Gose,Bloomington,IL
American Double / Imperial IPA,Bloomington,IL
Abbey Single Ale,Bloomington,IL
Extra Special / Strong Bitter (ESB),St. Paul,MN
American Pale Ale (APA),St. Paul,MN
American Double / Imperial IPA,St. Paul,MN
Berliner Weissbier,Saint Louis,MO
American Blonde Ale,Saint Louis,MO
American Pale Wheat Ale,Saint Louis,MO
American Black Ale,Brooklyn Center,MN
American IPA,Brooklyn Center,MN
American IPA,Brooklyn Center,MN
English Bitter,Brooklyn Center,MN
Rye Beer,Brooklyn Center,MN
American Brown Ale,Brooklyn Center,MN
American Brown Ale,Brooklyn Center,MN
American Double / Imperial IPA,Brooklyn Center,MN
Keller Bier / Zwickel Bier,Brooklyn Center,MN
Saison / Farmhouse Ale,Brooklyn Center,MN
American IPA,Brooklyn Center,MN
American IPA,Louisville,KY
American Brown Ale,Louisville,KY
American Pale Ale (APA),Edwards,CO
Belgian Strong Pale Ale,Edwards,CO
Witbier,Edwards,CO
American Amber / Red Ale,Edwards,CO
Berliner Weissbier,Chicago,IL
American Brown Ale,San Antonio,TX
Munich Helles Lager,San Antonio,TX
Witbier,San Antonio,TX
American IPA,San Antonio,TX
Berliner Weissbier,San Antonio,TX
American IPA,St Petersburg,FL
American Blonde Ale,Mt. Airy,MD
American IPA,Mt. Airy,MD
American Porter,Mt. Airy,MD
Rye Beer,Mt. Airy,MD
American IPA,Boone,NC
American Blonde Ale,Boone,NC
American Porter,Boone,NC
American Pale Ale (APA),Charlotte,NC
American Double / Imperial IPA,Baltimore,MD
Gose,Baltimore,MD
American Double / Imperial IPA,Detroit,MI
American Porter,Detroit,MI
American Blonde Ale,Detroit,MI
American IPA,Detroit,MI
Munich Helles Lager,Detroit,MI
American IPA,Warrenville,IL
American Dark Wheat Ale,Warrenville,IL
American Dark Wheat Ale,Warrenville,IL
Dortmunder / Export Lager,Warrenville,IL
American Pale Ale (APA),Warrenville,IL
Märzen / Oktoberfest,Warrenville,IL
American Strong Ale,Warrenville,IL
American IPA,Duluth,MN
Extra Special / Strong Bitter (ESB),Duluth,MN
American IPA,Duluth,MN
American Black Ale,Duluth,MN
German Pilsener,Duluth,MN
American IPA,San Francisco,CA
American Brown Ale,Sheridan,WY
American Amber / Red Ale,Sheridan,WY
Radler,Portland,OR
American Pale Wheat Ale,Portland,OR
American Pale Wheat Ale,Portland,OR
American Pale Wheat Ale,Portland,OR
American Pale Wheat Ale,Portland,OR
American Pale Wheat Ale,Portland,OR
American Pale Wheat Ale,Portland,OR
American Pale Wheat Ale,Portland,OR
American Pale Wheat Ale,Portland,OR
American Pale Wheat Ale,Portland,OR
American Pale Wheat Ale,Portland,OR
American Pale Wheat Ale,Portland,OR
American Pale Wheat Ale,Portland,OR
American Amber / Red Ale,Portland,OR
American Stout,Portland,OR
American IPA,Portland,OR
American Strong Ale,Portland,OR
American White IPA,Portland,OR
American Amber / Red Ale,Portland,OR
American Strong Ale,Portland,OR
Czech Pilsener,Portland,OR
American IPA,Portland,OR
American IPA,Fort Collins,CO
American IPA,Fort Collins,CO
American Pale Lager,Fort Collins,CO
Euro Dark Lager,Fort Collins,CO
American Amber / Red Ale,Fort Collins,CO
American Pale Lager,Fort Collins,CO
American Amber / Red Ale,Fort Collins,CO
American Pale Lager,Fort Collins,CO
American IPA,Fort Collins,CO
American Amber / Red Ale,Fort Collins,CO
American IPA,Fort Collins,CO
American Amber / Red Ale,Fort Collins,CO
American IPA,Chico,CA
American Pale Ale (APA),Chico,CA
American Pale Wheat Ale,Chico,CA
Czech Pilsener,Chico,CA
American IPA,Chico,CA
American Pale Ale (APA),Chico,CA
American Double / Imperial IPA,Westerly,RI
American IPA,Kirkwood,MO
American Pale Wheat Ale,Kirkwood,MO
American Pale Ale (APA),Chicago,IL
American Pale Ale (APA),Chicago,IL
American Pale Wheat Ale,Chicago,IL
American Pale Wheat Ale,Chicago,IL
American Pale Wheat Ale,Chicago,IL
American Blonde Ale,Cincinnati,OH
Fruit / Vegetable Beer,Cincinnati,OH
Kölsch,Cincinnati,OH
American Pale Ale (APA),Cincinnati,OH
American IPA,Cincinnati,OH
American Brown Ale,Cincinnati,OH
American Amber / Red Ale,Cincinnati,OH
American Amber / Red Ale,Cincinnati,OH
American Pale Ale (APA),Cincinnati,OH
American Amber / Red Ale,Cincinnati,OH
American Porter,Cincinnati,OH
Märzen / Oktoberfest,Cincinnati,OH
American Pale Ale (APA),Cincinnati,OH
American IPA,Cincinnati,OH
American Blonde Ale,Cincinnati,OH
American IPA,Dayton,OH
Cream Ale,Dayton,OH
American Amber / Red Ale,Hershey,PA
American Pilsner,Hershey,PA
Doppelbock,Hershey,PA
American IPA,Hershey,PA
American IPA,San Diego,CA
American Pale Ale (APA),San Diego,CA
American Double / Imperial IPA,San Diego,CA
American Double / Imperial IPA,Cincinnati,OH
Kölsch,Newport,RI
American IPA,Newport,RI
American Amber / Red Ale,Newport,RI
American Amber / Red Ale,Newport,RI
American IPA,Anchorage,AK
Hefeweizen,Anchorage,AK
Fruit / Vegetable Beer,Lowell,MA
American Pale Ale (APA),Lowell,MA
American IPA,Lowell,MA
Other,Lowell,MA
American Pale Ale (APA),Lone Tree,CO
American Pale Wheat Ale,Columbus,OH
American Pale Ale (APA),Columbus,OH
American White IPA,Columbus,OH
American IPA,Pineland,ME
American IPA,Eagle,CO
Scotch Ale / Wee Heavy,Eagle,CO
Czech Pilsener,Eagle,CO
Märzen / Oktoberfest,Eagle,CO
English India Pale Ale (IPA),Eagle,CO
Extra Special / Strong Bitter (ESB),Eagle,CO
American Pale Ale (APA),Eagle,CO
American IPA,Eagle,CO
Fruit / Vegetable Beer,Bloomfield,CT
American IPA,North Woodstock,NH
American Pilsner,North Woodstock,NH
American Pale Ale (APA),Denver,CO
Russian Imperial Stout,Denver,CO
American IPA,Denver,CO
American Double / Imperial IPA,Denver,CO
American Blonde Ale,Denver,CO
American IPA,Denver,CO
Cream Ale,Vista,CA
American Blonde Ale,Temecula,CA
American IPA,Temecula,CA
Hefeweizen,Temecula,CA
American Pale Ale (APA),Temecula,CA
American IPA,Norfolk,VA
American Amber / Red Ale,Norfolk,VA
Saison / Farmhouse Ale,Norfolk,VA
American Pilsner,Portland,OR
American IPA,Portland,OR
American Pale Lager,Portland,OR
Witbier,Portland,OR
Euro Dark Lager,Portland,OR
American Pilsner,Portland,OR
American Pale Ale (APA),Portland,OR
American Double / Imperial IPA,Portland,OR
American Pale Ale (APA),Conroe,TX
Bière de Garde,Conroe,TX
American Double / Imperial IPA,Conroe,TX
American Double / Imperial IPA,Conroe,TX
American Double / Imperial IPA,Conroe,TX
Old Ale,Conroe,TX
American Blonde Ale,Conroe,TX
American Double / Imperial IPA,Conroe,TX
Bière de Garde,Conroe,TX
Foreign / Export Stout,Conroe,TX
American Pale Ale (APA),Conroe,TX
American Blonde Ale,Conroe,TX
American Pale Ale (APA),Durango,CO
Kölsch,Durango,CO
American Amber / Red Lager,Durango,CO
American IPA,Durango,CO
Hefeweizen,Milwaukee,WI
American IPA,Cheboygan,MI
Fruit / Vegetable Beer,Cheboygan,MI
Altbier,Ashland,VA
American Amber / Red Lager,Ashland,VA
Altbier,Ashland,VA
American Pale Ale (APA),Ashland,VA
American Pale Wheat Ale,Birmingham,MI
Pumpkin Ale,Birmingham,MI
Czech Pilsener,Birmingham,MI
American Amber / Red Ale,Birmingham,MI
American Pale Ale (APA),Birmingham,MI
American IPA,Birmingham,MI
Hefeweizen,Houston,TX
Munich Dunkel Lager,Houston,TX
American Pale Ale (APA),Houston,TX
Märzen / Oktoberfest,Houston,TX
Kölsch,Houston,TX
Saison / Farmhouse Ale,Houston,TX
American Double / Imperial IPA,Houston,TX
American Amber / Red Lager,Houston,TX
Hefeweizen,Houston,TX
American IPA,Houston,TX
American IPA,Austin,TX
Maibock / Helles Bock,Austin,TX
American Brown Ale,Dallas,TX
American Double / Imperial IPA,Dallas,TX
Saison / Farmhouse Ale,Dallas,TX
American Blonde Ale,Dallas,TX
American IPA,Dallas,TX
Gose,Blanco,TX
Witbier,Blanco,TX
American Black Ale,Blanco,TX
American Blonde Ale,Blanco,TX
German Pilsener,Blanco,TX
American Blonde Ale,Blanco,TX
American Blonde Ale,Blanco,TX
American Adjunct Lager,St Mary's,PA
American Amber / Red Lager,St Mary's,PA
Light Lager,St Mary's,PA
American Adjunct Lager,Stevens Point,WI
American Adjunct Lager,Stevens Point,WI
American Pale Ale (APA),Stevens Point,WI
American Adjunct Lager,Stevens Point,WI
American Black Ale,Stevens Point,WI
American IPA,Stevens Point,WI
American Adjunct Lager,Stevens Point,WI
American Adjunct Lager,Stevens Point,WI
American Adjunct Lager,Stevens Point,WI
Märzen / Oktoberfest,Stevens Point,WI
American Pale Wheat Ale,Stevens Point,WI
American Pale Wheat Ale,Stevens Point,WI
American Pale Wheat Ale,Stevens Point,WI
Kölsch,Stevens Point,WI
Märzen / Oktoberfest,Stevens Point,WI
American Brown Ale,Stevens Point,WI
American Pale Wheat Ale,Stevens Point,WI
American Pale Ale (APA),Stevens Point,WI
American Amber / Red Lager,Stevens Point,WI
American Adjunct Lager,Stevens Point,WI
American IPA,Weston,MO
Chile Beer,Weston,MO
American IPA,Hattiesburg,MS
American IPA,Hattiesburg,MS
Extra Special / Strong Bitter (ESB),Hattiesburg,MS
American Pale Ale (APA),Hattiesburg,MS
American Blonde Ale,Hattiesburg,MS
American Amber / Red Ale,Hattiesburg,MS
Oatmeal Stout,Hattiesburg,MS
American Blonde Ale,Hattiesburg,MS
American Pale Ale (APA),Hattiesburg,MS
American Pale Wheat Ale,Dillon,CO
Munich Helles Lager,Dillon,CO
Munich Dunkel Lager,Dillon,CO
Czech Pilsener,Dillon,CO
American Pale Ale (APA),Dillon,CO
Czech Pilsener,Dillon,CO
American Pale Wheat Ale,Dillon,CO
American Pale Ale (APA),St Paul,MN
American Amber / Red Ale,Austin,TX
American Pale Ale (APA),Austin,TX
Witbier,Austin,TX
Bock,Tampa,FL
American IPA,Tampa,FL
American Black Ale,Tampa,FL
American IPA,Tampa,FL
American IPA,Tampa,FL
American IPA,Tampa,FL
American IPA,Tampa,FL
American IPA,Tampa,FL
American IPA,Tampa,FL
American IPA,Tampa,FL
American Porter,Tampa,FL
English Brown Ale,Tampa,FL
American Brown Ale,Tampa,FL
American Amber / Red Ale,Tampa,FL
American IPA,Tampa,FL
Witbier,Tampa,FL
American Pale Wheat Ale,Cold Spring,MN
Light Lager,Providence,RI
American Pilsner,Providence,RI
Milk / Sweet Stout,Providence,RI
German Pilsener,Providence,RI
American Pale Wheat Ale,Providence,RI
Cream Ale,Providence,RI
American Pale Wheat Ale,Providence,RI
American Porter,Providence,RI
Bock,Providence,RI
Märzen / Oktoberfest,Providence,RI
Altbier,Loveland,CO
Belgian Strong Dark Ale,Arvada,CO
Scotch Ale / Wee Heavy,Arvada,CO
American Porter,Arvada,CO
American Pale Ale (APA),Raleigh,NC
Hefeweizen,Raleigh,NC
American Brown Ale,Raleigh,NC
American IPA,Eugene,OR
American Amber / Red Ale,Eugene,OR
American Stout,Eugene,OR
American IPA,Eugene,OR
American IPA,Baton Rouge,LA
American Porter,Baton Rouge,LA
Fruit / Vegetable Beer,Baton Rouge,LA
American Blonde Ale,Baton Rouge,LA
American Pale Ale (APA),Baton Rouge,LA
American Amber / Red Ale,Baton Rouge,LA
American Blonde Ale,Sisters,OR
American Porter,Sisters,OR
American IPA,Sisters,OR
American IPA,Ashland,OR
American Pale Ale (APA),Ashland,OR
American Adjunct Lager,Ashland,OR
American Amber / Red Ale,Ashland,OR
American IPA,Ashland,OR
American IPA,Ashland,OR
American Pale Ale (APA),Ashland,OR
American Pale Ale (APA),Ashland,OR
American Pale Ale (APA),Ashland,OR
American Pale Ale (APA),Ashland,OR
American Pale Ale (APA),Ashland,OR
American Amber / Red Ale,Ashland,OR
American IPA,Ashland,OR
American Pale Ale (APA),Lewisburg,WV
American Black Ale,Lewisburg,WV
American IPA,Phoenix,AZ
American Pilsner,Flagstaff,AZ
Pumpkin Ale,Salt Lake City,UT
American Amber / Red Lager,Salt Lake City,UT
American IPA,Salt Lake City,UT
American IPA,Salt Lake City,UT
American Blonde Ale,Salt Lake City,UT
Schwarzbier,Salt Lake City,UT
American IPA,Salt Lake City,UT
American Pale Ale (APA),Salt Lake City,UT
American Pale Ale (APA),Salt Lake City,UT
Kölsch,Tempe,AZ
Fruit / Vegetable Beer,Tempe,AZ
American IPA,Tempe,AZ
Scottish Ale,Tempe,AZ
Saison / Farmhouse Ale,Fort Worth,TX
American Stout,Fort Worth,TX
American Amber / Red Ale,Fort Worth,TX
American IPA,Phoenixville,PA
Saison / Farmhouse Ale,Lansdale,PA
English Brown Ale,Lansdale,PA
Kölsch,Lansdale,PA
American Blonde Ale,Aurora,IN
Fruit / Vegetable Beer,Aurora,IN
American Porter,Aurora,IN
American IPA,Aurora,IN
Dortmunder / Export Lager,Aurora,IN
American Blonde Ale,Aurora,IN
American Porter,Aurora,IN
Märzen / Oktoberfest,Aurora,IN
American Brown Ale,Aurora,IN
Fruit / Vegetable Beer,Aurora,IN
Dortmunder / Export Lager,Aurora,IN
American Dark Wheat Ale,Aurora,IN
Witbier,Aurora,IN
American Stout,Aurora,IN
English Stout,Aurora,IN
American Porter,Aurora,IN
Euro Dark Lager,Aurora,IN
English Dark Mild Ale,Aurora,IN
American IPA,Aurora,IN
American Blonde Ale,Aurora,IN
American IPA,Longmont,CO
American Pale Ale (APA),Longmont,CO
American Pale Ale (APA),Longmont,CO
Czech Pilsener,Longmont,CO
American Pale Ale (APA),Longmont,CO
American Pale Ale (APA),Longmont,CO
American Pale Ale (APA),Longmont,CO
American Double / Imperial IPA,Longmont,CO
American Pale Ale (APA),Longmont,CO
American Pale Ale (APA),Longmont,CO
American Double / Imperial IPA,Longmont,CO
American Strong Ale,Longmont,CO
American Double / Imperial IPA,Longmont,CO
American Double / Imperial IPA,Longmont,CO
Russian Imperial Stout,Longmont,CO
Czech Pilsener,Longmont,CO
American Double / Imperial IPA,Longmont,CO
Scottish Ale,Longmont,CO
American Double / Imperial IPA,Longmont,CO
American Pale Ale (APA),Longmont,CO
American Pilsner,Windsor,CO
American Pale Ale (APA),Windsor,CO
American Blonde Ale,Garden City,ID
American IPA,White Salmon,WA
American IPA,White Salmon,WA
Oatmeal Stout,Boonville,CA
Cream Ale,Boonville,CA
American IPA,Boonville,CA
American Amber / Red Ale,Boonville,CA
Oatmeal Stout,Boonville,CA
Vienna Lager,Boonville,CA
American Amber / Red Ale,Boonville,CA
Cream Ale,Boonville,CA
Oatmeal Stout,Boonville,CA
Winter Warmer,Boonville,CA
American IPA,Boonville,CA
American Amber / Red Ale,Boonville,CA
Cream Ale,Boonville,CA
American Pale Ale (APA),Boonville,CA
American Double / Imperial IPA,Shelburne,VT
American Porter,Shelburne,VT
American Pale Ale (APA),Fort Worth,TX
American Pale Ale (APA),Gary,IN
Winter Warmer,Pittsboro,NC
American IPA,Waynesville,NC
Belgian Pale Ale,Nellysford,VA
Scotch Ale / Wee Heavy,Nellysford,VA
American Pilsner,Nellysford,VA
American Pale Ale (APA),Nellysford,VA
American Blonde Ale,Oklahoma City,OK
American Amber / Red Ale,Oklahoma City,OK
American IPA,Oklahoma City,OK
American Amber / Red Ale,Oklahoma City,OK
American Blonde Ale,Oklahoma City,OK
American Strong Ale,Columbus,OH
English Brown Ale,Columbus,OH
American Amber / Red Ale,Columbus,OH
American Pale Ale (APA),Columbus,OH
American IPA,Columbus,OH
Baltic Porter,Austin,TX
English Bitter,Austin,TX
Keller Bier / Zwickel Bier,Austin,TX
American Pale Ale (APA),Austin,TX
Light Lager,Fredericksburg,TX
American Pilsner,Fredericksburg,TX
American Blonde Ale,Springfield,MO
American IPA,Springfield,MO
American IPA,Seattle,WA
American IPA,Seattle,WA
American Amber / Red Ale,Seattle,WA
American IPA,Seattle,WA
American IPA,Seattle,WA
American Pale Ale (APA),Seattle,WA
American Brown Ale,Seattle,WA
American Amber / Red Ale,Seattle,WA
American IPA,Seattle,WA
American IPA,Seattle,WA
American Pale Ale (APA),Jackson,WY
Foreign / Export Stout,Jackson,WY
English Brown Ale,Jackson,WY
Vienna Lager,Jackson,WY
American Pale Ale (APA),Jackson,WY
American IPA,Jackson,WY
American Black Ale,Middleton,WI
Vienna Lager,Middleton,WI
Munich Helles Lager,Middleton,WI
American IPA,Middleton,WI
Munich Helles Lager,Middleton,WI
American IPA,Middleton,WI
American Pale Ale (APA),Bend,OR
American IPA,Chicago,IL
American Pale Lager,Portland,OR
American Blonde Ale,Springfield,OR
American Strong Ale,Springfield,OR
American IPA,Springfield,OR
American Blonde Ale,Springfield,OR
American Pale Lager,Springfield,OR
American IPA,Springfield,OR
American IPA,Springfield,OR
American Blonde Ale,Springfield,OR
American IPA,Bend,OR
Kölsch,Bend,OR
American Double / Imperial IPA,Bend,OR
American IPA,Bend,OR
American Pale Ale (APA),Bend,OR
American Amber / Red Ale,Estacada,OR
American Amber / Red Ale,Estacada,OR
American IPA,Bloomington,IN
Witbier,Bloomington,IN
American IPA,Hilo,HI
American IPA,Hilo,HI
American Blonde Ale,Hilo,HI
American Porter,Hilo,HI
American Amber / Red Ale,Hilo,HI
American Pale Ale (APA),Hilo,HI
American IPA,Lafayette,IN
American IPA,Lafayette,IN
American IPA,Astoria,OR
American Amber / Red Ale,San Antonio,TX
Doppelbock,Kalona,IA
American IPA,San Diego,CA
American IPA,San Diego,CA
American Pale Ale (APA),San Diego,CA
American Amber / Red Ale,San Diego,CA
Saison / Farmhouse Ale,San Diego,CA
American Pale Wheat Ale,San Diego,CA
American Stout,San Diego,CA
American Amber / Red Ale,San Diego,CA
American IPA,Verona,WI
American IPA,Verona,WI
American Pale Wheat Ale,Farmers Branch,TX
English Brown Ale,Farmers Branch,TX
American Pale Ale (APA),Farmers Branch,TX
American Blonde Ale,Houston,TX
Witbier,Houston,TX
American Double / Imperial IPA,Houston,TX
Saison / Farmhouse Ale,Richmond,TX
American Brown Ale,Richmond,TX
Dunkelweizen,Richmond,TX
English India Pale Ale (IPA),Richmond,TX
Witbier,Cherry Hill,NJ
American IPA,Cherry Hill,NJ
Cream Ale,Ponderay,ID
American Pilsner,Ponderay,ID
American IPA,Ponderay,ID
American Porter,Bozeman,MT
American Porter,Bozeman,MT
American IPA,Bozeman,MT
Hefeweizen,Bozeman,MT
American Strong Ale,Broomfield,CO
American Double / Imperial IPA,Broomfield,CO
American Amber / Red Ale,Broomfield,CO
American IPA,Odessa,FL
American Amber / Red Ale,Odessa,FL
American Black Ale,Atlantic Highlands,NJ
Berliner Weissbier,Atlantic Highlands,NJ
American Double / Imperial IPA,Atlantic Highlands,NJ
American IPA,Atlantic Highlands,NJ
American IPA,Anchorage,AK
American IPA,Anchorage,AK
Witbier,Anchorage,AK
American Brown Ale,Anchorage,AK
American IPA,Anchorage,AK
American Pale Ale (APA),Middleburg Heights,OH
American IPA,Middleburg Heights,OH
Witbier,Temecula,CA
American Strong Ale,Chatham,NY
Märzen / Oktoberfest,Chatham,NY
American Blonde Ale,Washington,DC
Hefeweizen,Washington,DC
American Double / Imperial IPA,Washington,DC
American IPA,Washington,DC
American IPA,Lake Geneva,WI
American Blonde Ale,Lake Geneva,WI
American Amber / Red Ale,Lake Geneva,WI
Pumpkin Ale,Gloucester,MA
American Double / Imperial IPA,Gloucester,MA
American IPA,Gloucester,MA
German Pilsener,Gloucester,MA
American Amber / Red Ale,Gloucester,MA
American Porter,Tucson,AZ
Hefeweizen,Henderson,NV
American Pale Ale (APA),Henderson,NV
American Double / Imperial IPA,Henderson,NV
American Adjunct Lager,Henderson,NV
Herbed / Spiced Beer,Boston,MA
American White IPA,Boston,MA
Kölsch,Boston,MA
American IPA,Boston,MA
Pumpkin Ale,Boston,MA
Märzen / Oktoberfest,Boston,MA
American IPA,Boston,MA
Kölsch,Boston,MA
American Pale Wheat Ale,Boston,MA
Kölsch,Boston,MA
American IPA,Boston,MA
American Stout,Charlottesville,VA
Kölsch,Charlottesville,VA
American IPA,Charlottesville,VA
American Pale Ale (APA),Lexington,VA
American Pale Ale (APA),Lexington,VA
Cream Ale,Newburgh,NY
American IPA,Memphis,TN
American Pilsner,Memphis,TN
American Pale Lager,Los Angeles,CA
Saison / Farmhouse Ale,Los Angeles,CA
American IPA,Los Angeles,CA
American IPA,Los Angeles,CA
American IPA,Los Angeles,CA
American IPA,Los Angeles,CA
Hefeweizen,Los Angeles,CA
American IPA,Los Angeles,CA
American IPA,Los Angeles,CA
American Brown Ale,Los Angeles,CA
American IPA,Los Angeles,CA
American IPA,Los Angeles,CA
American IPA,Los Angeles,CA
Hefeweizen,Los Angeles,CA
Dunkelweizen,College Station,TX
American Blonde Ale,College Station,TX
American Amber / Red Ale,College Station,TX
American IPA,Austin,TX
Cream Ale,Austin,TX
German Pilsener,Stillwater,MN
Saison / Farmhouse Ale,Stillwater,MN
English Dark Mild Ale,Jackson,MS
Belgian Pale Ale,Jackson,MS
Belgian Pale Ale,Greenville,SC
American Porter,Greenville,SC
American IPA,Athens,GA
American IPA,Stamford,CT
American Blonde Ale,Stamford,CT
Fruit / Vegetable Beer,Angola,IN
American Pale Ale (APA),Angola,IN
American IPA,Tucson,AZ
American Double / Imperial IPA,Santa Cruz,CA
American IPA,Frankenmuth,MI
Munich Helles Lager,Frankenmuth,MI
American Black Ale,Chicago,IL
American Pale Wheat Ale,Chicago,IL
American Amber / Red Ale,Chicago,IL
Bock,South Austin,TX
American IPA,South Austin,TX
Kölsch,South Austin,TX
California Common / Steam Beer,Minneapolis,MN
American IPA,Minneapolis,MN
Schwarzbier,Minneapolis,MN
German Pilsener,Minneapolis,MN
American Pale Ale (APA),Rogers,AR
American Pale Ale (APA),Waterbury,VT
American IPA,Durango,CO
American Stout,Durango,CO
American Pale Lager,Durango,CO
Extra Special / Strong Bitter (ESB),Durango,CO
American IPA,Durango,CO
American IPA,Albuquerque,NM
American Amber / Red Ale,Albuquerque,NM
American Pale Wheat Ale,Portland,ME
American Amber / Red Ale,Hyannis,MA
American Blonde Ale,Hyannis,MA
English India Pale Ale (IPA),Bridgewater Corners,VT
American Amber / Red Ale,Bridgewater Corners,VT
Altbier,Bridgewater Corners,VT
Fruit / Vegetable Beer,Bridgewater Corners,VT
Altbier,Bridgewater Corners,VT
American Pale Ale (APA),Shreveport,LA
American Pale Ale (APA),Juneau,AK
Altbier,Juneau,AK
American Double / Imperial IPA,Waterbury,VT
American Double / Imperial IPA,Waterbury,VT
Irish Red Ale,Charlottesville,VA
American IPA,Charlottesville,VA
American White IPA,Middlebury,VT
American Blonde Ale,Montauk,NY
Extra Special / Strong Bitter (ESB),Montauk,NY
American IPA,Minneapolis,MN
Winter Warmer,Minneapolis,MN
Fruit / Vegetable Beer,Minneapolis,MN
American Pale Wheat Ale,Minneapolis,MN
American Black Ale,Minneapolis,MN
American Pale Ale (APA),Minneapolis,MN
English India Pale Ale (IPA),South Deerfield,MA
American Pale Ale (APA),South Deerfield,MA
Belgian IPA,Mill Valley,CA
American Pale Lager,Mill Valley,CA
American Double / Imperial IPA,Mill Valley,CA
American IPA,Ridgefield Park,NJ
Irish Dry Stout,Ridgefield Park,NJ
American IPA,Hays,KS
English Pale Mild Ale,Hays,KS
American Double / Imperial IPA,Milwaukee,WI
American Amber / Red Ale,Milwaukee,WI
American IPA,Milwaukee,WI
Saison / Farmhouse Ale,Milwaukee,WI
Vienna Lager,Milwaukee,WI
American Amber / Red Ale,Milwaukee,WI
Witbier,Port Clinton,OH
Scottish Ale,Port Clinton,OH
American Pale Ale (APA),Gadsden,AL
American IPA,Dallas,TX
American Porter,Dallas,TX
American Blonde Ale,Dallas,TX
Witbier,San Diego,CA
American IPA,San Diego,CA
American Pale Ale (APA),San Diego,CA
Kölsch,San Diego,CA
American IPA,Seattle,WA
American IPA,Idaho Springs,CO
Vienna Lager,Idaho Springs,CO
Hefeweizen,Lewiston,ME
American Amber / Red Ale,Lewiston,ME
American Pale Ale (APA),Lewiston,ME
American IPA,Lewiston,ME
American Strong Ale,Denver,CO
American Porter,Denver,CO
Saison / Farmhouse Ale,Denver,CO
American Amber / Red Ale,Denver,CO
American IPA,Westminster,MA
American IPA,Westminster,MA
American IPA,Westminster,MA
American Double / Imperial IPA,Westminster,MA
English Pale Ale,Westminster,MA
American IPA,Westminster,MA
Pumpkin Ale,Westminster,MA
Fruit / Vegetable Beer,Westminster,MA
American IPA,Westminster,MA
Radler,Portland,OR
Hefeweizen,Portland,OR
Hefeweizen,Portland,OR
Saison / Farmhouse Ale,Pittsburgh,PA
American Brown Ale,Pittsburgh,PA
American IPA,Pittsburgh,PA
American Stout,York,PA
American Amber / Red Ale,York,PA
Fruit / Vegetable Beer,York,PA
American IPA,York,PA
American IPA,Utica,NY
American IPA,Utica,NY
American Blonde Ale,Utica,NY
Radler,Boston,MA
American IPA,Boston,MA
Vienna Lager,Boston,MA
Vienna Lager,Boston,MA
Märzen / Oktoberfest,Boston,MA
American Pale Wheat Ale,Boston,MA
Vienna Lager,Boston,MA
American Brown Ale,Danville,PA
Pumpkin Ale,Danville,PA
American Double / Imperial IPA,Salt Lake City,UT
American Double / Imperial IPA,Salt Lake City,UT
Fruit / Vegetable Beer,South Burlington,VT
Hefeweizen,South Burlington,VT
Fruit / Vegetable Beer,South Burlington,VT
American Double / Imperial IPA,Canton,MA
American Double / Imperial IPA,Virginia Beach,VA
American Pale Ale (APA),Garden City,ID
American IPA,Garden City,ID
American Pale Ale (APA),Garden City,ID
American Brown Ale,Garden City,ID
American IPA,Tampa,FL
Irish Red Ale,Tampa,FL
American Pale Wheat Ale,Tampa,FL
American IPA,Boise,ID
American IPA,Boise,ID
American Barleywine,Boise,ID
American Pale Ale (APA),Boise,ID
American Pale Wheat Ale,Boise,ID
American Strong Ale,Boise,ID
American IPA,Boise,ID
American IPA,Woodinville,WA
American Pale Ale (APA),Nashville,TN
American Amber / Red Ale,Meridian,ID
American IPA,Meridian,ID
Chile Beer,Bucryus,MO
Fruit / Vegetable Beer,Bucryus,MO
American Blonde Ale,Bucryus,MO
American Porter,Bucryus,MO
American Dark Wheat Ale,Bucryus,MO
American Amber / Red Ale,Bucryus,MO
American IPA,Bucryus,MO
Rye Beer,Williamsburg,MA
American Amber / Red Ale,Williamsburg,MA
American IPA,Claremont,CA
American IPA,Lockland,OH
American Pale Ale (APA),Lockland,OH
Tripel,Meadville,PA
Witbier,Meadville,PA
American Brown Ale,Meadville,PA
Belgian Strong Pale Ale,Meadville,PA
American IPA,Meadville,PA
American Double / Imperial Pilsner,Meadville,PA
American IPA,Black Mountain,NC
American Pale Ale (APA),Black Mountain,NC
Munich Helles Lager,Saint Louis,MO
Märzen / Oktoberfest,Saint Louis,MO
American Pale Wheat Ale,Saint Louis,MO
Schwarzbier,Saint Louis,MO
German Pilsener,Saint Louis,MO
American IPA,Burlington,VT
American Pale Ale (APA),Bronx,NY
American Black Ale,Bronx,NY
American Pale Ale (APA),Bronx,NY
American Amber / Red Ale,Tulsa,OK
Hefeweizen,Albuquerque,NM
American IPA,Albuquerque,NM
American Pale Ale (APA),Fargo,ND
Scottish Ale,Fargo,ND
American IPA,Fargo,ND
American IPA,Missoula,MT
English Pale Ale,Missoula,MT
American Pale Wheat Ale,Missoula,MT
American Brown Ale,Missoula,MT
English Strong Ale,Missoula,MT
American Brown Ale,Missoula,MT
American Pale Wheat Ale,Missoula,MT
American IPA,Missoula,MT
English Pale Ale,Missoula,MT
American Pale Wheat Ale,Missoula,MT
American Brown Ale,Missoula,MT
Pumpkin Ale,Papillion,NE
American IPA,Papillion,NE
Hefeweizen,Papillion,NE
English Brown Ale,Papillion,NE
American Pale Ale (APA),Papillion,NE
American IPA,Worcester,MA
American IPA,Boynton Beach,FL
Euro Dark Lager,Brooklyn,NY
American IPA,Brooklyn,NY
Czech Pilsener,Brooklyn,NY
American IPA,Richmond,VA
Cream Ale,Richmond,VA
American Pale Ale (APA),Richmond,VA
American IPA,Abingdon,VA
American IPA,Erie,PA
American IPA,Erie,PA
American Double / Imperial IPA,Santee,CA
American IPA,Santee,CA
American Blonde Ale,Santee,CA
American Brown Ale,Santee,CA
American Pale Ale (APA),Santee,CA
Herbed / Spiced Beer,San Luis Obispo,CA
American IPA,San Luis Obispo,CA
American Double / Imperial IPA,San Luis Obispo,CA
American Black Ale,San Luis Obispo,CA
Märzen / Oktoberfest,Westfield,MA
American IPA,Westfield,MA
American IPA,Monument,CO
Belgian Pale Ale,Philadelphia,PA
American Pale Wheat Ale,Philadelphia,PA
Tripel,Philadelphia,PA
Fruit / Vegetable Beer,Philadelphia,PA
American Double / Imperial IPA,Philadelphia,PA
American Pale Ale (APA),Charlotte,NC
American IPA,Charlotte,NC
Pumpkin Ale,Fuquay-Varina,NC
Märzen / Oktoberfest,Fuquay-Varina,NC
American Pale Wheat Ale,Fuquay-Varina,NC
Tripel,Fuquay-Varina,NC
American Amber / Red Ale,Fuquay-Varina,NC
American Double / Imperial IPA,Lake Barrington,IL
American Blonde Ale,Lake Barrington,IL
American Double / Imperial IPA,Lake Barrington,IL
American Double / Imperial IPA,Lake Barrington,IL
Witbier,Lake Barrington,IL
Oatmeal Stout,Lake Barrington,IL
American Pale Ale (APA),Lake Barrington,IL
American Pale Ale (APA),Seattle,WA
Czech Pilsener,Seattle,WA
American Blonde Ale,Seattle,WA
American Amber / Red Ale,Seattle,WA
Saison / Farmhouse Ale,Seattle,WA
Fruit / Vegetable Beer,Davenport,IA
American Brown Ale,Davenport,IA
Vienna Lager,Davenport,IA
Irish Red Ale,Davenport,IA
Witbier,Davenport,IA
Irish Red Ale,Davenport,IA
American Pale Ale (APA),Davenport,IA
Rye Beer,Davenport,IA
American Brown Ale,Davenport,IA
American IPA,Davenport,IA
Märzen / Oktoberfest,Davenport,IA
American Amber / Red Ale,Davenport,IA
American Stout,Davenport,IA
American Pale Ale (APA),Davenport,IA
Irish Red Ale,Davenport,IA
American Blonde Ale,Mustang,OK
American Pale Wheat Ale,Mustang,OK
American Stout,Kent,WA
American Pale Ale (APA),Kent,WA
American Pilsner,Kent,WA
American Barleywine,San Francisco,CA
Winter Warmer,San Francisco,CA
American Pale Ale (APA),San Francisco,CA
Fruit / Vegetable Beer,San Francisco,CA
Fruit / Vegetable Beer,San Francisco,CA
Fruit / Vegetable Beer,San Francisco,CA
American IPA,San Francisco,CA
American IPA,San Francisco,CA
American IPA,San Francisco,CA
English Strong Ale,San Francisco,CA
American Double / Imperial IPA,San Francisco,CA
American Pale Ale (APA),San Francisco,CA
Winter Warmer,San Francisco,CA
American Black Ale,San Francisco,CA
Belgian Dark Ale,San Francisco,CA
American IPA,San Francisco,CA
Fruit / Vegetable Beer,San Francisco,CA
American IPA,Buena Vista,CO
American IPA,Buena Vista,CO
Winter Warmer,Pottstown,PA
Grisette,Pottstown,PA
Munich Helles Lager,Pottstown,PA
Winter Warmer,Pottstown,PA
American Double / Imperial IPA,Pottstown,PA
Märzen / Oktoberfest,Pottstown,PA
American IPA,Pottstown,PA
Munich Dunkel Lager,Pottstown,PA
Hefeweizen,Pottstown,PA
German Pilsener,Pottstown,PA
American Pale Ale (APA),Pottstown,PA
American Stout,Astoria,OR
American Double / Imperial IPA,Astoria,OR
American Porter,Astoria,OR
American Amber / Red Ale,Astoria,OR
American Brown Ale,Lahaina,HI
American Amber / Red Ale,Lahaina,HI
Witbier,Lahaina,HI
American IPA,Lahaina,HI
American Pale Wheat Ale,Lahaina,HI
Munich Helles Lager,Lahaina,HI
American Porter,Lahaina,HI
American IPA,Lahaina,HI
American Strong Ale,Midwest City,OK
American IPA,Midwest City,OK
American Stout,Menominee,WI
American Pale Ale (APA),Westerly,RI
Witbier,Westerly,RI
American Porter,Westerly,RI
American Pale Ale (APA),Westerly,RI
Cream Ale,Westerly,RI
Extra Special / Strong Bitter (ESB),Lincoln,NE
Extra Special / Strong Bitter (ESB),Lincoln,NE
Extra Special / Strong Bitter (ESB),Lincoln,NE
American Pale Ale (APA),Lincoln,NE
American Pale Ale (APA),Afton,VA
Extra Special / Strong Bitter (ESB),Afton,VA
Euro Pale Lager,Afton,VA
American Pale Ale (APA),Afton,VA
German Pilsener,Crozet,VA
American IPA,Crozet,VA
Märzen / Oktoberfest,Crozet,VA
American IPA,Crozet,VA
Gose,Mt. Pleasant,SC
Witbier,Mt. Pleasant,SC
American IPA,Mt. Pleasant,SC
American IPA,Portland,ME
American Double / Imperial IPA,Portland,OR
American Double / Imperial IPA,Portland,OR
American Double / Imperial IPA,Brevard,NC
Russian Imperial Stout,Brevard,NC
American Double / Imperial IPA,Brevard,NC
Scottish Ale,Brevard,NC
American Pale Ale (APA),Brevard,NC
American Pale Ale (APA),Brevard,NC
American Pale Wheat Ale,Denver,CO
American Pale Wheat Ale,Denver,CO
American IPA,Denver,CO
American Amber / Red Ale,Denver,CO
Saison / Farmhouse Ale,Santa Fe,NM
American Black Ale,Santa Fe,NM
Fruit / Vegetable Beer,Miami,FL
American Brown Ale,Miami,FL
American IPA,Miami,FL
American Blonde Ale,Miami,FL
Altbier,Austin,TX
American Pale Ale (APA),Austin,TX
American Amber / Red Ale,Sacramento,CA
American Black Ale,Sacramento,CA
American Amber / Red Lager,Sacramento,CA
American Black Ale,Sacramento,CA
American Amber / Red Ale,Sacramento,CA
American Blonde Ale,Douglas,MI
American IPA,Washougal,WA
American Pale Lager,Ann Arbor,MI
American Stout,Boulder,CO
Belgian Pale Ale,Boulder,CO
Roggenbier,Boulder,CO
Kölsch,Boulder,CO
American IPA,Boulder,CO
Berliner Weissbier,Woodbridge,CT
American Double / Imperial IPA,Woodbridge,CT
American Double / Imperial IPA,Woodbridge,CT
Kölsch,Huntsville,AL
Milk / Sweet Stout,Huntsville,AL
American IPA,Huntsville,AL
Kölsch,Arrington,VA
American Blonde Ale,Savannah,GA
American Brown Ale,Savannah,GA
American Pale Ale (APA),Boulder,CO
American Pale Ale (APA),Boulder,CO
American Pale Ale (APA),Boulder,CO
American Black Ale,Portland,OR
American Pale Wheat Ale,Portland,OR
Saison / Farmhouse Ale,Boulder,CO
American Black Ale,Boulder,CO
American Pale Lager,Edwards,CO
Cream Ale,San Diego,CA
American IPA,San Diego,CA
American Double / Imperial Stout,San Diego,CA
Belgian IPA,Denver,CO
American Pale Ale (APA),Denver,CO
American Double / Imperial Stout,Denton,TX
Saison / Farmhouse Ale,Denton,TX
American Pale Wheat Ale,Saint Louis,MO
American IPA,Saint Louis,MO
American Brown Ale,Saint Louis,MO
Hefeweizen,Saint Louis,MO
Munich Helles Lager,Saint Louis,MO
American IPA,Boulder,CO
American IPA,Ashburn,VA
Czech Pilsener,Ashburn,VA
American IPA,Santa Cruz,CA
Kölsch,Asheville,NC
Scotch Ale / Wee Heavy,Asheville,NC
Extra Special / Strong Bitter (ESB),Asheville,NC
Czech Pilsener,Medford,OR
American IPA,Medford,OR
English India Pale Ale (IPA),Brooklyn,NY
English India Pale Ale (IPA),Brooklyn,NY
American Amber / Red Lager,Kona,HI
American Amber / Red Lager,Kona,HI
American Amber / Red Lager,Kona,HI
American Amber / Red Lager,Kona,HI
Irish Red Ale,Fort Collins,CO
American Pale Ale (APA),Fort Collins,CO
Kölsch,Fort Collins,CO
English Bitter,Fort Collins,CO
American Porter,Fort Collins,CO
American IPA,O'Fallon,MO
Fruit / Vegetable Beer,O'Fallon,MO
American Pale Ale (APA),Vadnais Heights,MN
Rye Beer,Vadnais Heights,MN
American Double / Imperial IPA,Vadnais Heights,MN
Oatmeal Stout,Vadnais Heights,MN
American IPA,Vadnais Heights,MN
American IPA,Gainesville,FL
Witbier,Gainesville,FL
American Pale Ale (APA),Gainesville,FL
Oatmeal Stout,Gainesville,FL
Cream Ale,Gainesville,FL
American Porter,Half Moon Bay,CA
Witbier,Half Moon Bay,CA
American Pale Ale (APA),Half Moon Bay,CA
American Double / Imperial IPA,San Diego,CA
American IPA,San Diego,CA
American IPA,San Diego,CA
Hefeweizen,San Diego,CA
American Blonde Ale,San Diego,CA
American Blonde Ale,San Diego,CA
Hefeweizen,San Diego,CA
American Pale Ale (APA),Pacific,WA
Irish Dry Stout,Talkeetna,AK
American Blonde Ale,Talkeetna,AK
American IPA,Talkeetna,AK
Irish Red Ale,Talkeetna,AK
American Pale Ale (APA),Bend,OR
American Amber / Red Ale,Sheridan,WY
American IPA,Sheridan,WY
English Brown Ale,Sheridan,WY
American Pale Wheat Ale,Sheridan,WY
American Blonde Ale,Soldotna,AK
Saison / Farmhouse Ale,Seattle,WA
American Pale Ale (APA),Seattle,WA
American Pale Ale (APA),Seattle,WA
American IPA,Seattle,WA
Gose,South San Francisco,CA
American Amber / Red Lager,Golden,CO
American Amber / Red Lager,Golden,CO
American IPA,Bend,OR
American Pale Wheat Ale,Bend,OR
American Pale Ale (APA),Jacksonville,FL
American Pale Ale (APA),Athens,GA
Scottish Ale,Spirit Lake,IA
American Brown Ale,Spirit Lake,IA
Saison / Farmhouse Ale,Spirit Lake,IA
American Pale Ale (APA),Spirit Lake,IA
American Stout,Spirit Lake,IA
Rye Beer,Spirit Lake,IA
American Amber / Red Ale,Boulder,CO
Kölsch,Boulder,CO
American Brown Ale,Marietta,GA
American IPA,Marietta,GA
Fruit / Vegetable Beer,Redlands,CA
Munich Helles Lager,Redlands,CA
American Pale Ale (APA),Birmingham,AL
American Double / Imperial IPA,Birmingham,AL
Oatmeal Stout,Birmingham,AL
American IPA,Birmingham,AL
American Brown Ale,Birmingham,AL
American IPA,Halethorpe,MD
Märzen / Oktoberfest,Halethorpe,MD
American IPA,Gig Harbor,WA
English Pale Ale,Gig Harbor,WA
English Pale Ale,Gig Harbor,WA
American Double / Imperial IPA,Gig Harbor,WA
American IPA,Des Moines,IA
German Pilsener,Des Moines,IA
American Blonde Ale,Des Moines,IA
American IPA,Yakima,WA
American Pale Ale (APA),Yakima,WA
American Amber / Red Ale,Portland,OR
American Amber / Red Ale,Green Bay,WI
American IPA,Woodinville,WA
American IPA,Woodinville,WA
American Amber / Red Ale,Woodinville,WA
American White IPA,Patchogue,NY
American Blonde Ale,Patchogue,NY
Vienna Lager,Patchogue,NY
American IPA,Tampa,FL
American Amber / Red Ale,Belmont,CA
American IPA,Belmont,CA
Scotch Ale / Wee Heavy,Belmont,CA
American Amber / Red Ale,Anchorage,AK
American Pale Ale (APA),Anchorage,AK
American IPA,Anchorage,AK
American IPA,Silverton,OR
American Porter,Silverton,OR
American IPA,Aurora,CO
Fruit / Vegetable Beer,Aurora,CO
Hefeweizen,Aurora,CO
American Amber / Red Ale,Aurora,CO
Vienna Lager,Glendale,WI
Vienna Lager,Glendale,WI
American Pale Wheat Ale,Leavenworth,KS
American Double / Imperial IPA,Lyons,CO
Russian Imperial Stout,Lyons,CO
Russian Imperial Stout,Lyons,CO
Scottish Ale,Lyons,CO
Scottish Ale,Lyons,CO
Scottish Ale,Lyons,CO
American Pale Ale (APA),Lyons,CO
American Pale Ale (APA),Lyons,CO
American Pale Ale (APA),Lyons,CO
American Pale Ale (APA),Lyons,CO
American Pale Ale (APA),Lyons,CO
American Double / Imperial IPA,Lyons,CO
American Dark Wheat Ale,Krebs,OK
American IPA,Tacoma,WA
American Porter,Tacoma,WA
Scotch Ale / Wee Heavy,Missoula,MT
American IPA,Missoula,MT
American IPA,Missoula,MT
American Pale Ale (APA),Missoula,MT
American IPA,Missoula,MT
Scotch Ale / Wee Heavy,Missoula,MT
Oatmeal Stout,Greeley,CO
American Black Ale,Greeley,CO
American Amber / Red Lager,Seattle,WA
American Pale Ale (APA),Carlsbad,CA
Czech Pilsener,Chattanooga,TN
American IPA,Chattanooga,TN
American IPA,Boulder,CO
American IPA,Frederick,MD
American Pale Lager,Frederick,MD
American Blonde Ale,Aspen,CO
American IPA,Aspen,CO
Munich Helles Lager,New York,NY
American Pilsner,Seattle,WA
American Blonde Ale,Jacksonville,FL
American IPA,Jacksonville,FL
American Pale Ale (APA),Jacksonville,FL
Kölsch,Asheville,NC
American Porter,Asheville,NC
American IPA,Asheville,NC
American Black Ale,Reno,NV
American Amber / Red Ale,Reno,NV
Herbed / Spiced Beer,Reno,NV
Schwarzbier,Reno,NV
American IPA,Abita Springs,LA
Fruit / Vegetable Beer,Abita Springs,LA
American Amber / Red Lager,Abita Springs,LA
American Pale Wheat Ale,Rochester,NY
American Pale Ale (APA),Greenville,DE
American Pale Ale (APA),Battle Creek,MI
American Pale Wheat Ale,Battle Creek,MI
American Pale Lager,Whitefish,MT
American Pale Lager,Whitefish,MT
Hefeweizen,Seattle,WA
Hefeweizen,Seattle,WA
Maibock / Helles Bock,Lancaster,PA
Kölsch,Lancaster,PA
American Brown Ale,Elmira,NY
American IPA,Elmira,NY
